recording_identifier,pednyc_number,scenario_number,median_pedestrian_speed,peak_pedestrian_speed,median_positive_acceleration,median_deceleration_magnitude,low_motion_proportion,stop_start_count,recording_duration,head_rotation_event_count,median_absolute_head_rotation_rate,minimum_pedestrian_vehicle_distance,vehicle_speed_at_movement_onset,vehicle_deceleration_around_movement_onset,median_closing_speed
PedNYC1_scenario3,1,3,0.3547162903075639,1.64105413059329,0.1680481152422299,0.1203261468769171,0.3605458258300102,3.0,31.00293,0.0,15.638108260693253,7.052963392445637,7.9912363508341,-1.392153848089945,0.015048226209373
PedNYC1_scenario7,1,7,0.1226887117983982,1.7241040266893024,0.0785435124944577,0.0933210778683594,0.4930154308872662,4.0,41.770508,3.0,10.967603415093253,5.129692678496163,0.001069321357744,0.0542819701949576,0.0906448099369817
PedNYC1_scenario12,1,12,0.1300378405426835,1.6169161040016955,0.1064566014315148,0.1062031551364082,0.492783048142889,6.0,27.435059,2.0,14.490961709657798,14.2760684307561,5.363083765450111,-1.1624776550318745,0.1089315811367731
PedNYC1_scenario15,1,15,0.0846407208696576,1.6615809185910058,0.0947983110495517,0.0879623003056417,0.556692735423006,6.0,45.156738,1.0,11.416985505893711,2.121148137502709,0.0123286204922548,0.0305555701649938,0.0382160005544167
PedNYC1_scenario16,1,16,0.0812551372028128,1.6836638580434582,0.0792735066152971,0.06751699662904,0.6503508721826513,7.0,32.949463,0.0,15.253439549026908,6.378167627433179,0.0007903238771118,-0.0001600860234996,0.0137881943018669
PedNYC1_scenario21,1,21,0.0612216808472765,1.3993939858930178,0.0618776560706904,0.0539111423322893,0.6121288695799403,3.0,45.867737,1.0,13.25018279644468,4.668972980175731,4.643119728962518,1.0925828107803448,0.0005681678909634
PedNYC2_scenario3,2,3,0.5764842243027493,1.6706438077794368,0.1662990476531049,0.1496072625177299,0.165892761414049,1.0,26.343018,4.0,40.9262630769161,4.7902679422619485,0.000607308734274,0.0003359710898634,0.0435142016032886
PedNYC2_scenario7,2,7,0.3594994284687682,1.4229867844702164,0.1800680918470744,0.1671880144853531,0.3148043343148751,7.0,50.100098,0.0,17.386994212292166,5.612869688210753,7.149483381898973,0.3740253824777715,0.0062704891607047
PedNYC2_scenario12,2,12,0.1383907094988023,1.4790107292165573,0.1043858249702113,0.1289771324525419,0.5022783465442575,8.0,38.57666,1.0,13.733215074998425,12.6058800490509,5.810057924988019,0.2522774144437413,0.0198812765411723
PedNYC2_scenario15,2,15,0.4449561101051312,1.6779430736567265,0.1436077653683138,0.1684776771490199,0.3399551318053939,7.0,33.268555,0.0,18.5423428031118,4.9220570696121575,7.063918465051958e-06,7.437302967860346e-05,0.0197459126548046
PedNYC2_scenario16,2,16,0.1498492922231866,1.564219632776703,0.0900000496085428,0.0966764210557914,0.5137093839827558,2.0,25.982422,1.0,19.225804958875635,7.502368308132276,5.160629651657828,0.4123161075042739,0.0535270682236767
PedNYC2_scenario21,2,21,0.6255260950538746,1.5273125474896347,0.1599851906631008,0.1252028007242594,0.2827310162860632,4.0,30.162354,2.0,24.372847360766706,5.740543764578511,5.902727086474134,0.3821676636416699,0.0070201882438259
PedNYC3_scenario3,3,3,0.4189980350339945,1.5086685383911511,0.1813216147375138,0.1647700647915091,0.2391956447261771,7.0,36.270142,4.0,15.743115333515949,2.8828249409005737,0.0005635211343499,0.0004448989412779,0.0148786099832832
PedNYC3_scenario7,3,7,0.6695356780791231,1.5125817960433072,0.1683575791415466,0.1577309655697693,0.2406781835659082,5.0,34.963867,2.0,16.50370333124705,1.995759130833353,5.002367880812694,0.4006398980251328,0.1023094131647886
PedNYC3_scenario12,3,12,0.2127500000787957,1.5028542632073736,0.1318294324279275,0.1120055936647877,0.3726741420210234,8.0,30.502991,1.0,36.2034668197623,13.294258192511304,4.657303951843033,0.1076655506325735,0.1421577112242565
PedNYC3_scenario15,3,15,0.3069840601086238,1.5266141329610492,0.1098043564989608,0.0864851771655073,0.3832860154171825,3.0,35.338623,1.0,15.272883913595695,3.896886568945405,5.601713910325407,0.2292085847416086,0.0641425773324107
PedNYC3_scenario16,3,16,0.1338604103637469,1.0563465901170233,0.1342474187671283,0.128100828268652,0.5178028809947707,12.0,30.402832,2.0,36.549012834483,7.110074171522477,2.27500481982476,0.3999180133579072,0.1084237144260353
PedNYC3_scenario21,3,21,0.3087830562802673,1.428675125452903,0.1561321517978023,0.124125032239046,0.322267346912338,10.0,42.534241,1.0,18.366868365887164,3.530301070601744,2.370424578367143,-0.5854578467806939,0.0015211611399181
PedNYC4_scenario3,4,3,0.530242349292863,1.6522181412920545,0.1053039441679911,0.1043271253926843,0.4271665542117571,4.0,42.399216,0.0,20.10855226815509,7.770971245287388,4.000734859009818,-0.8641471500789334,0.0084964104533723
PedNYC4_scenario7,4,7,0.8584518233574087,1.1166213313210838,0.1308701924307378,0.1229140778895878,0.1960281126357619,3.0,30.212891,2.0,21.911239603445445,5.06321396764289,0.0005069167588481,0.0833446220800222,0.0089251019290548
PedNYC4_scenario12,4,12,0.1823560492715834,1.4235574234332606,0.0995195570657334,0.0811251103942115,0.4601552957392634,3.0,25.36322,1.0,18.634459424800696,13.72976645309537,6.363228012745121,-0.1837377766080059,0.1470527461419016
PedNYC4_scenario15,4,15,0.2546106348231518,1.2898142628402047,0.0716210672256628,0.0619446286477814,0.4529924046127252,2.0,42.365845,0.0,10.7123844190023,3.510495752818572,2.070699312152501,0.9555621777996804,0.0566503900822203
PedNYC4_scenario16,4,16,0.1447476199709699,0.9890894296498604,0.094283021321877,0.0905096536543073,0.4837670640129172,4.0,26.846191,0.0,18.708253511452234,6.595568746246471,6.016584425257232,0.5894504051990672,0.0671500265248378
PedNYC4_scenario21,4,21,0.1424309161483301,1.270733386293348,0.083314673880946,0.0656694735437108,0.5119409511696115,5.0,48.844727,0.0,12.26892824932305,6.8648448758619685,3.110821511808299,1.396159765479081,0.0162745960556952
PedNYC5_scenario3,5,3,0.6288816878057717,1.2675685910874326,0.152148184885333,0.1246172261848268,0.2195240675621262,3.0,38.812988,0.0,16.880166051496815,3.119280601478684,4.041526312390749,1.6443410527237674,-0.0221352812042498
PedNYC5_scenario7,5,7,0.7432029209575173,1.3417873917052157,0.165520342750128,0.1451848912194168,0.2107308342055326,3.0,31.193176,0.0,15.417236120967114,9.257323931493437,12.691078976829298,0.1723860126355156,0.0036262878975629
PedNYC5_scenario12,5,12,0.096097721686097,1.0810712299492842,0.0614536328718349,0.0371905589955239,0.5743495617782295,2.0,26.340088,1.0,11.506918663154346,15.834000957674728,7.8415259847840115,-0.7886043549031136,0.0818572324871477
PedNYC5_scenario15,5,15,0.1378578039098159,1.384886928437958,0.0860445772295456,0.0550422741307126,0.5329436319067105,4.0,41.934326,1.0,21.00642412039327,3.2804646705893683,3.676454158424391,1.0978242368715418,0.0412179430635315
PedNYC5_scenario16,5,16,0.0730548164522813,1.3628122746530342,0.0493008962799669,0.0511361241724071,0.6329441772261251,2.0,31.810028,1.0,14.273172042468309,7.40247193273645,4.533514156237799,0.3080479324841263,0.0763057212582391
PedNYC5_scenario21,5,21,0.0699543110753355,1.4416712310576565,0.050315483801862,0.0402871984287642,0.5270822480966421,0.0,42.112549,2.0,7.06688832428532,3.617658890483664,5.48889846761495,0.3762721358949688,-0.0001903511433848
PedNYC6_scenario7,6,7,0.7369865470839309,1.125792521787858,0.1089837948547523,0.1426149375940101,0.2967827478480435,3.0,36.447998,4.0,9.970890980425626,6.25577639887171,9.128734931074186,-0.542782125724002,0.0021222560029256
PedNYC6_scenario15_CSV_Scenario_Ped_15_Session_temp_2024_03_01_11_47_13_decoded,6,15,0.0824552392316073,0.3425526137933151,0.09494880426776,0.0766679625753263,0.8292993544622558,10.0,20.304932,1.0,15.784055449100338,70.27485170855064,4.0349917712898895e-05,-3.239803924325976e-06,0.0006164071272181
PedNYC6_scenario15_CSV_Scenario_Ped_15_Session_temp_2024_03_01_11_48_06_decoded,6,15,0.0161570678520927,0.2604946968033306,0.0187349718289706,0.0153872930040551,0.95936195531082,17.0,96.42334,0.0,2.747432405568113,70.35328147766356,3.748079947630927e-05,-8.169449568273145e-05,6.867211415813775e-07
PedNYC6_scenario15_CSV_Scenario_Ped_15_Session_temp_2024_03_01_11_52_52_decoded,6,15,0.3517423053783002,0.958382685311134,0.1176292993156234,0.112998310560795,0.2535083712957123,4.0,47.260605,1.0,8.61935611058048,5.458375405091006,5.1791263559002525,-1.0224765104322555,0.0254912525967513
PedNYC6_scenario21_CSV_Scenario_Ped_21_Session_temp_2024_03_01_11_17_48_decoded,6,21,0.0362356928476039,0.2299379634831932,0.0469129305371538,0.0381753298112973,0.972351021110868,5.0,22.350952,0.0,11.675614854536091,44.39905631847834,0.0004775170562456,-6.051804170266144e-05,0.0026477981971682
PedNYC6_scenario21_CSV_Scenario_Ped_21_Session_temp_2024_03_01_11_18_30_decoded,6,21,0.1501378037286706,1.502571437049471,0.0896497272888752,0.0898273288004132,0.4949508195073177,7.0,43.76532,0.0,7.553578566290256,6.479568701535555,3.5731289086593927,0.5329500891959941,0.0186125599896207
PedNYC7_scenario3,7,3,0.5076044784187207,1.4453281434877985,0.1321772693625176,0.1060827147602776,0.2866009854243578,4.0,39.373291,1.0,19.25290279119451,4.927911696424429,5.018167512606096,0.2585076124883909,0.030195236565395
PedNYC7_scenario7,7,7,0.2820219756264721,1.528554991286783,0.1050283156876436,0.1054612523714392,0.4646259178899101,6.0,40.443848,1.0,18.84061511999337,5.409929796866259,5.2444423320161535,0.2242216118857234,0.0890406704947782
PedNYC7_scenario12_CSV_Scenario_Ped_12_Session_temp_2024_03_01_15_26_15_decoded,7,12,0.4902249673491357,1.0094890875734075,0.151894583684636,0.1333798441948651,0.2657140492716099,7.0,38.583801,1.0,22.39746022533896,6.212424799131526,2.6820768195407574,0.5174115101043646,0.0642257783829462
PedNYC7_scenario12_CSV_Scenario_Ped_12_Session_temp_2024_03_01_15_27_41_decoded,7,12,0.5269479577896419,1.550656456591995,0.0797000357530055,0.1142237088846701,0.3843195061071112,7.0,36.145813,1.0,15.566902958807926,12.641512448007006,4.46125404081516,-0.1320883336586572,0.1243875593000088
PedNYC7_scenario15,7,15,0.4541960973134216,1.1238489584746982,0.1094807314667525,0.1042025677737181,0.2854238258149765,2.0,39.747803,1.0,9.935735555382363,3.2614096796202388,2.941319449995503,1.0692870559467982,0.0812466050794363
PedNYC7_scenario16,7,16,0.2853972044368829,1.230307657316966,0.1131151458504606,0.111031744403175,0.3427642383089788,2.0,39.115723,1.0,19.889888112067407,7.387021103089298,0.0004979293725757,-2.635169898546509e-05,0.0906166521530057
PedNYC7_scenario21,7,21,0.0857310126192608,1.3507075826262829,0.0601785748630799,0.0574917003801694,0.5548270104966965,5.0,51.066162,3.0,11.36939833065195,6.219540348604608,1.2255386028498332,-0.262611538431148,0.0243557526012677
PedNYC8_scenario3,8,3,0.2391020419357144,1.696817835032701,0.1315285045033861,0.1221571714222759,0.375982636849118,4.0,38.261719,1.0,20.646015954735915,9.711762257119789,0.0832853292232984,0.3706821457467865,0.0521531519834661
PedNYC8_scenario7,8,7,0.7743030541955043,1.6436995850232925,0.1842388263166545,0.1703671207095338,0.1396730848782724,3.0,33.364746,2.0,14.197870979054846,2.636327572143692,0.0005170104257714,0.0164373369833103,0.0739773988633369
PedNYC8_scenario12,8,12,0.2507740427252494,1.4020276546546389,0.1623559378291388,0.1269490592501849,0.4033892048313394,5.0,33.856201,0.0,17.406964764558698,10.695220331379652,5.894159524916729,-0.071877086485338,0.1143193630758977
PedNYC8_scenario15,8,15,0.2657317930707338,1.6190918622454795,0.1780256741031777,0.1359737820209796,0.3386800190320172,5.0,37.168945,1.0,17.30151192186216,3.340186957500836,0.0003425622224254,0.0029661336884939,0.0691290905359907
PedNYC8_scenario16,8,16,0.2573030225081383,1.788742893130291,0.1849255128116388,0.1793346507458643,0.2791884918578166,5.0,25.824707,1.0,33.983145780046414,8.887328765428748,1.1659012814261462,0.7004792817715159,0.0822544594237205
PedNYC9_scenario3,9,3,0.3452649788630472,1.5995282729249078,0.1408691369463122,0.1685873649301901,0.1225487847348679,5.0,35.14624,2.0,31.037313115199275,7.439809041195897,3.5410771238826184,2.314631842082264,0.053327755514934
PedNYC9_scenario7,9,7,0.6456167859109991,1.402242530317556,0.0891922681124825,0.1253647903287861,0.3424473014548085,6.0,31.453003,3.0,21.194913848935464,5.923901682917435,5.704811744503817,0.7548236409468495,0.1321267808743415
PedNYC9_scenario12,9,12,0.6274402380392838,1.3905734111606334,0.1718581014873593,0.1386017810906012,0.3420589614891494,7.0,30.413818,2.0,29.335148069288994,10.605958154456776,3.6196401134968266,-0.4557624547449507,0.140428625613691
PedNYC9_scenario15,9,15,0.8801898924394486,1.5426984565334392,0.1270040732582435,0.1338479600087063,0.2571145299504979,3.0,25.093506,1.0,21.55652578589629,6.996455471508616,5.310450291469019,0.7623839251946011,0.0374965257946592
PedNYC9_scenario16,9,16,0.2350922453678393,1.4565609907150563,0.160468717171008,0.1562243273449179,0.4303213440465521,5.0,21.325928,1.0,22.414519208395483,6.035950695522357,6.361027784901316,-0.4339754786447302,0.1742167628784944
PedNYC9_scenario21,9,21,0.7837238590155764,1.814250525236612,0.1553082464084942,0.1461571589296898,0.2776666770023223,3.0,29.541748,1.0,12.40511439908057,3.002670968380716,4.846604645596932,-0.2460512256129336,0.0192178174822797
PedNYC10_scenario3,10,3,0.358453189169624,1.4405006994873402,0.0796481306758251,0.1099056201857677,0.4215808989713757,9.0,40.81665,3.0,24.62266907190127,5.590719754308289,6.879882642526294,1.514370232282374,0.0070804435648732
PedNYC10_scenario7,10,7,0.4650108777518808,1.4636917853269191,0.1355238957311923,0.1235802752044356,0.2230560169318607,3.0,32.924438,1.0,23.593656862269004,5.043276178684204,4.466717008121072,1.4081544588886,0.0617604357263484
PedNYC10_scenario16,10,16,0.0490067047775909,1.0784522730918678,0.0536825114029159,0.0394020235335594,0.7537953730625939,2.0,25.585693,0.0,12.265551721268649,6.172413806161122,9.666180601256746,0.0483587448513596,0.0205301170092455
PedNYC11_scenario3,11,3,0.6729590934561788,1.1998343367195805,0.1099519952205974,0.115009377940837,0.2058215591941345,3.0,38.288574,4.0,20.36044962501865,2.28973431920942,4.825270445354835,0.6787313876653275,0.0117989979122662
PedNYC11_scenario7,11,7,0.6172346245537759,1.15901304130836,0.0705008988483166,0.0529576972083886,0.319668185065095,1.0,38.849487,2.0,8.11596511314625,4.264084264837053,6.306038449187728,0.4656206059428994,0.0089223707019756
PedNYC11_scenario12,11,12,0.2844384007140802,1.2940997787479902,0.0471775193539198,0.0508329675391014,0.462872156985735,0.0,31.668457,1.0,6.515053095379851,12.265601401313717,5.293434546976161,0.1570363337181127,0.1098280908393804
PedNYC11_scenario15,11,15,0.1191596928650964,1.1068485150242076,0.0573910608356278,0.0642506461445562,0.5262562820919127,3.0,52.461426,1.0,8.752352153753339,2.803193491796727,3.3983713486663785,-0.5478507643372594,0.0280053523272858
PedNYC11_scenario16,11,16,0.2737733884814807,1.391205022664566,0.1105526574139371,0.0901734321093821,0.4367456543521264,4.0,27.16626,0.0,8.158714436459231,6.944910669006511,4.352189391937574,-0.7758949591758202,0.0340793830093439
PedNYC11_scenario21,11,21,0.2376454864570797,1.3246525542538214,0.1069254211569428,0.1189563313770609,0.3478775493207552,8.0,38.591309,2.0,16.97629961415971,3.5823025114151417,4.055265523604422,-0.2342039870634033,0.0023973791872096
PedNYC12_scenario3,12,3,0.6763767659230842,1.2888809078789525,0.1066253141472731,0.0997046478942076,0.3112450319660233,3.0,35.649414,2.0,16.880192221159337,4.183717156624798,6.459658252531678,0.1402433069111543,-0.0010204160486653
PedNYC12_scenario7,12,7,0.4893524480757879,1.5906710249795604,0.1574822982633674,0.1282801305914164,0.3273879943009918,6.0,32.385986,2.0,26.787339510031032,2.683702861149543,4.895928510957994,0.2474868112338129,0.1351443620119846
PedNYC12_scenario12,12,12,0.5817310425084014,1.5416199294702997,0.1111648564359301,0.1196376828545176,0.4478918757725971,6.0,31.065674,3.0,26.321764905116098,11.515924402531295,5.832189112503489,0.1137876638256018,0.1249938697519878
PedNYC12_scenario15,12,15,0.4000305742303823,1.4117884811946564,0.1554709901206171,0.1376734350793073,0.2966450667075397,5.0,40.235107,2.0,21.094693380795302,3.868106897112203,1.5258067442781318e-05,7.144154349718857e-05,0.0343408256817721
PedNYC12_scenario16,12,16,0.0910717150741109,1.3458893828863052,0.0917239896228269,0.099152542606711,0.5841780470011266,5.0,24.880127,1.0,15.172719293823755,7.554971907441465,6.039420686788571,0.2950367392524504,0.0540284006934233
PedNYC12_scenario21,12,21,0.1337254716120503,1.7171226972651177,0.1020854334983277,0.0905225150915641,0.5043806375932225,4.0,40.405762,3.0,16.544127047234714,3.7010000675492702,4.559570988826408,0.4930713116560998,0.0061683780397376
PedNYC13_scenario3,13,3,0.3728827759411177,1.470161236052955,0.108067965724509,0.1138183223489556,0.407019076213103,3.0,37.864014,0.0,12.334389779457204,8.136149099435535,4.965938567803944,-0.2213025862289245,0.0330555544056514
PedNYC13_scenario7,13,7,0.3848681435194142,1.4144220431865002,0.1081634779414762,0.1153764649486499,0.3793423417948509,2.0,37.089722,0.0,15.346426639092329,7.5317982271512385,4.596891387464954,0.353110585918138,0.1058619092169112
PedNYC13_scenario12,13,12,0.0732896528311875,1.5903945105864528,0.0879637364338084,0.0541024242836524,0.5748798026602437,1.0,26.823181,1.0,14.95954979535234,16.97134106323708,10.891059822040406,-0.5832940446135115,0.0007487478061191
PedNYC13_scenario15,13,15,0.1119429552365845,1.3390335063559902,0.0562880760756886,0.0713364330704984,0.5259873677492914,4.0,46.733398,1.0,6.98160615411293,6.06019087480682,1.831306591649856,0.4400582967996995,-0.0002791954514513
PedNYC13_scenario16,13,16,0.1519666849184773,1.1309101980926313,0.112429073175778,0.1238282590109409,0.4851467587590714,9.0,32.565552,2.0,18.38201649431858,6.753722814123663,0.0004330435004962,9.967824881104542e-05,0.0291184722756507
PedNYC13_scenario21,13,21,0.2477744105337306,1.4512918714281766,0.1173326712725854,0.1549091743990452,0.4110367504291707,7.0,37.412842,1.0,17.083736751769372,7.654794759289648,0.0004995090151561,0.0498879996612221,0.0298735785422946
PedNYC15_scenario3,15,3,0.6029622401550688,1.8188841259417527,0.0930014999253269,0.1065597997754175,0.4426975943778979,2.0,34.69165,1.0,7.674482482401245,7.259607185794239,7.884631702002011,0.6460242487623822,0.0045485440308681
PedNYC15_scenario12,15,12,0.202636000428,1.870751836884854,0.1591639299816701,0.171472714405955,0.4168558929039261,10.0,40.799927,2.0,31.40664595335457,9.826056988644238,3.8843894266779273,1.554372109341221,0.0395836876737391
PedNYC15_scenario15,15,15,0.1437914973139525,1.7928160218794755,0.0915183863673302,0.1063885095923198,0.5010078797618205,7.0,42.935181,1.0,10.819456592606317,3.488809457642926,5.0674978369518096,0.905043984792621,0.0305392935805169
PedNYC15_scenario16,15,16,0.4785262776533567,1.417222497790843,0.2536188794888624,0.2226280613806001,0.1601768027737203,5.0,29.135742,1.0,12.879612419611878,8.619540034524967,1.95601772169812,1.3311191857070992,0.0605687684750566
PedNYC16_scenario3,16,3,0.1249613065317283,1.3258732548412944,0.0859357789809008,0.0851884412622979,0.5218783924301994,12.0,58.763184,1.0,15.384154700338966,4.145729422452698,8.055228666364911,0.9503355047067676,0.0001189530537209
PedNYC16_scenario12,16,12,0.1238928884183846,1.1749448892260217,0.1226967524906657,0.1098609697265071,0.5360894818353077,11.0,30.560303,1.0,14.921992584255964,13.973792720384957,4.598428582217672,0.6459440908647811,0.0647721180640243
PedNYC16_scenario15,16,15,0.0922657536307235,1.9420788231799275,0.0743019056191579,0.0912433083252334,0.5984164510918651,8.0,40.177856,1.0,14.734595809260526,3.79379232332109,3.0460871703497654,0.3129046417766798,0.0131141999870294
PedNYC16_scenario16_CSV_Scenario_Ped_16_Session_temp_2024_03_14_17_07_34_decoded,16,16,0.030346980913661,0.2478949589700128,0.0368158014339368,0.0342124054786852,0.943421802601072,9.0,39.882324,1.0,11.767148462557554,67.50147284000104,5.1869844116190304e-05,0.000130846356004,-0.002000949669711
PedNYC16_scenario16_CSV_Scenario_Ped_16_Session_temp_2024_03_14_17_08_25_decoded,16,16,0.0624944758520433,1.4336759468476723,0.070408652012616,0.0562589098551039,0.6130389576429084,3.0,32.841797,1.0,11.899553417260432,8.12777535513214,4.270298601785552,-0.1013051269404989,0.0364966023118237
PedNYC16_scenario21_CSV_Scenario_Ped_21_Session_temp_2024_03_14_17_39_35_decoded,16,21,0.1635675424504231,2.7428605634789367,0.134140314647333,0.1322366041129625,0.478429566861785,5.0,36.668457,2.0,10.400670932545989,4.857629338181258,4.731191231507277,0.5847920341467592,0.0281308340084426
PedNYC16_scenario21_CSV_Scenario_Ped_21_Session_temp_2024_03_14_17_40_50_decoded,16,21,0.1479992024080505,1.7825405702647172,0.121422337315921,0.08474273244314,0.4954495155281663,4.0,40.382843,0.0,11.448922122598386,7.074441338171059,0.4137913315359054,0.5474720470519867,0.0118156123072582
PedNYC17_scenario3,17,3,0.5873325860331113,1.8309933365521065,0.2181368534283105,0.1630344896091667,0.324176617106221,2.0,37.300781,4.0,15.620997071529963,5.666533254037634,0.0843918460303018,0.8764665145033756,0.0077143574543017
PedNYC17_scenario7,17,7,0.6155364881726035,2.638317648643444,0.2680958229092697,0.2916476826113521,0.095976315483553,2.0,31.260254,9.0,40.03915314337642,6.407193800791412,0.000512227933897,0.0001904158617882,0.0614234832616173
PedNYC17_scenario15,17,15,0.257352732996764,2.529092269532301,0.2369028860564617,0.1816754024847673,0.353474854786124,4.0,31.644531,1.0,13.91159039573312,2.9279551649239446,2.641995721879862,0.8900128577693024,0.0350625042245356
PedNYC17_scenario16,17,16,0.6718085744274643,1.797942139988439,0.2798040576245956,0.2172144278902299,0.1611730858283934,3.0,23.309326,2.0,25.174480450217715,7.918051316459412,0.5644836311778907,0.8136308117126126,0.0578138466885162
PedNYC17_scenario21,17,21,0.1289161119274378,2.5950008808913743,0.1782283238368704,0.1240759279376057,0.5140550843810338,11.0,50.269531,3.0,18.5216493393321,5.789767655420504,4.550950297605425,0.7380192098856847,0.007687189149683
PedNYC18_scenario7,18,7,0.8534478780159511,1.828920798064409,0.1775540153803397,0.1575535931818169,0.3206200778122919,2.0,27.845215,2.0,12.298133985391509,5.384979170418852,6.844417349496927,-0.2869031814225978,0.0653346262648584
PedNYC18_scenario12,18,12,0.6804023693434078,1.5032200914003648,0.1827944833173153,0.152026103454948,0.3399233504818937,2.0,28.217529,2.0,27.675081329623005,10.989726426277445,5.445011054408244,0.4619927186872411,0.1245325818012461
PedNYC18_scenario21,18,21,0.1150969457359842,1.4697768172097134,0.0961512155955385,0.083158147279327,0.5063881975778043,3.0,34.357422,1.0,16.02359255280651,4.545293548995232,4.538076085549441,-0.3255045679108069,0.0089176661746558
PedNYC19_scenario3,19,3,0.4669006449004491,1.0724920764339596,0.1491777334906255,0.1733027655031238,0.2447944195088862,5.0,35.983643,0.0,35.00520258433988,3.8582106374769376,4.21461632494008,0.8605029887888014,0.034545922743438
PedNYC19_scenario7,19,7,0.4529403831948156,0.9160356439504764,0.1474758084873353,0.1532404007388724,0.2720278675618589,5.0,30.049561,0.0,35.1480823713916,6.457747971477719,3.6506618669222144,1.331059985289248,0.1184873555130007
PedNYC19_scenario12,19,12,0.1226269979605764,0.7211923894708626,0.1224987869255467,0.1192077703158421,0.5736834957831966,10.0,28.637451,0.0,30.045446746934232,17.85017276016898,4.518975677044646,0.3894106034580136,0.0892215780530586
PedNYC19_scenario15,19,15,0.4391396179010671,0.7849762296436739,0.1514485067789269,0.1332895019747852,0.1573926636015239,2.0,32.340637,1.0,24.23780090418457,3.3177389645236435,0.0004322911697076,0.0003963023321744,0.0174321159583097
PedNYC19_scenario16,19,16,0.1410866136808264,1.0268492066628594,0.118122650857356,0.1266633654320073,0.516870791324024,6.0,25.715332,1.0,28.185886910469264,5.649848221892317,8.12094159712424,0.714601694976936,0.0261729122097678
PedNYC19_scenario21,19,21,0.4400308229297476,1.1876818186652194,0.2350546272562948,0.2293965215733093,0.0985005426814959,4.0,32.262939,1.0,69.06301096745268,4.588898895006488,0.0007884001320883,0.0001218534375318,0.0058923094831055
PedNYC20_scenario12,20,12,0.1535892378250052,1.8611104834045,0.1319104904040781,0.0615355180084692,0.4912329160657659,2.0,30.548584,1.0,6.686327796847987,12.763955130940715,4.930715530949311,-0.2888071083351073,0.0849084069539856
PedNYC20_scenario15,20,15,0.0572058514011641,1.658630254414365,0.0722972098349103,0.0675833421504285,0.5730401798294459,4.0,46.161072,3.0,5.300829209063981,3.2352734470262914,4.915371141390082,-0.513064421000408,0.0391638112540093
PedNYC20_scenario16,20,16,0.0465003244611129,1.411998861392949,0.0429174737499587,0.0327118684380558,0.6495173463330698,2.0,26.631104,0.0,10.821649577524834,8.17571186286556,6.576090203231739,0.1308720694555306,0.0556027680722445
PedNYC20_scenario21,20,21,0.1355978093058285,1.70601048774373,0.102804182367981,0.0975379205220256,0.5118990960624095,4.0,44.733398,0.0,6.6578740676148165,3.446579999826704,5.903373856474781,0.6833465367518807,0.0026527486037814
PedNYC21_scenario3,21,3,0.423248779898733,1.3149479364159542,0.1658731293700298,0.1358597832981559,0.3387856494650693,10.0,42.807129,1.0,29.64816314954296,6.94115922636625,3.29532649999397,0.6100078374867702,0.0438780559826472
PedNYC21_scenario7,21,7,0.2869617287806191,1.4575548725428793,0.1222432512249789,0.1032019209042084,0.442160094343243,6.0,42.500977,0.0,18.40216431511252,7.132020126072021,3.76355851071819,-0.8142982650835532,0.0834922001686907
PedNYC21_scenario12,21,12,0.1217294475909967,1.5651715320142623,0.0792255514881525,0.0905582845530713,0.5333724972163648,5.0,45.718994,1.0,22.09904380527908,6.9285911704279854,2.169013972060717,-0.2512360095225269,0.0829837278074289
PedNYC22_scenario3,22,3,0.2044745452067968,1.5405310786994502,0.0649019793262699,0.0780443535762536,0.4773961617132036,3.0,40.902832,1.0,23.33792825077405,9.399973345237807,5.125067984659836,0.1219611958066326,0.007365039549337
PedNYC22_scenario7,22,7,0.109730922493796,2.1952762584881174,0.1026316625825387,0.1202798646823645,0.5900345973493655,16.0,52.85376,2.0,22.385243553332632,6.884890758164421,6.286552794652075,0.2662775289985275,0.0015540926383441
PedNYC22_scenario12,22,12,0.4322300555550403,1.565620546793402,0.0979854885146598,0.1144314113946959,0.4534410972113115,3.0,32.476807,2.0,34.30265121347738,11.14374224802199,5.95209585537895,0.1828779858476034,0.0820595393984658
PedNYC22_scenario15,22,15,0.4475863312036853,1.5132348632504156,0.1474603997778919,0.1329046966361073,0.3385206116748316,9.0,34.467529,1.0,28.084776183915828,6.938376956371892,4.447049446130755,1.1632006252269762,0.0037129896232559
PedNYC22_scenario16,22,16,0.0710005601747992,1.1675277550212697,0.0524646081728562,0.0709722767368147,0.6763805838965854,5.0,33.347412,1.0,22.45178354620916,7.568719854426149,4.483565531516452,0.5223650583545444,0.0077943664952581
PedNYC22_scenario21,22,21,0.0827630185093946,1.2501974805906972,0.0816758033628154,0.0532546060760211,0.5650736096774955,6.0,57.195129,1.0,14.667280843511028,2.544616275924536,3.2857178999636907,0.954930493448546,0.0037222611537709
PedNYC23_scenario3,23,3,0.1846617042537081,1.6758485196090358,0.0820726782272874,0.1041133033793109,0.4780224769278476,3.0,39.05249,3.0,14.03170031059792,2.328684839425201,5.127717724686267,0.324586369246194,0.0120030511815684
PedNYC23_scenario7,23,7,0.6262521454932599,1.5114081866386646,0.298844248802674,0.2138400465902605,0.2241991475246434,4.0,32.06427,1.0,27.009877384977976,4.933992073869316,0.2184217755930012,1.5802107683770406,0.0461893952401694
PedNYC23_scenario12,23,12,0.2558748042189176,1.374408444672019,0.1831995426098316,0.1424591294381769,0.3799784809642656,5.0,23.593994,0.0,35.175475062488495,14.283501567303189,1.454396912920176,2.0181235400692104,0.1472391534926013
PedNYC23_scenario15,23,15,0.0931902159957874,1.3128909939636293,0.0686569233189919,0.0558413522721497,0.5349378586942157,6.0,55.549927,1.0,8.441196439537427,7.61476344361821,0.0005135886444292,-5.140726443939183e-06,0.000193261078547
PedNYC23_scenario16,23,16,0.1663223869006742,2.035949248532142,0.1426417911029034,0.1400044484903222,0.4660067219367471,8.0,42.136963,4.0,20.047475468270672,9.01470198118167,3.555355697266405,-0.7694148578242274,0.0264964316411112
PedNYC23_scenario21,23,21,0.1134101944938703,1.6987479129153416,0.13734355023187,0.1068360586972372,0.5364731166886169,8.0,47.553833,1.0,13.774369077187956,5.852863541754364,4.689723808117956,-1.0151614623622454,0.0057765344376726
PedNYC24_scenario3,24,3,0.2834647374356003,1.4848237615661577,0.1051919073487586,0.09386305652128,0.4436788503713279,7.0,39.771729,0.0,9.906152780114702,5.798876548557282,5.77178090840408,-0.5082606360366693,0.0177495780987503
PedNYC24_scenario12,24,12,0.2618412888386843,1.6538643874363588,0.173076131141304,0.1297706941387989,0.4024109132014761,6.0,30.131653,1.0,20.78248319536643,12.848537931926224,5.903695190646648,0.9655235451955722,0.1367154114883945
PedNYC24_scenario15,24,15,0.1674532697494936,1.2867215056046548,0.1247576856124985,0.102189759321467,0.4606234188427704,12.0,46.814209,0.0,15.10812932328212,4.420770514153668,0.3677995696256909,1.0631573286100635,0.0237543015792895
PedNYC24_scenario16,24,16,0.1008933559612806,0.9561730099876014,0.1163873985927898,0.1105579745817172,0.6275519408905411,10.0,38.489136,0.0,16.129091246421382,6.971731181600345,2.6147189802814808,0.1956775437508276,0.0003263626451762
PedNYC24_scenario21,24,21,0.3711216154068211,1.2804636475834947,0.1221255829710861,0.1167435250892054,0.388247222029011,9.0,48.01886,0.0,12.760618521284592,5.049047315421699,6.261556377561561,-1.3155551239489418,0.0008971306507791
PedNYC25_scenario3,25,3,0.1237563859864587,2.2591437749029137,0.1233851753723331,0.1105336297732978,0.5417481249498612,10.0,52.192871,4.0,30.732753956922856,11.15075808161893,1.2618218038505418,0.5146411503465292,0.0060145151771919
PedNYC25_scenario7,25,7,0.2151478951497824,1.752207654711555,0.1128832886280903,0.1301471793000289,0.4332875827789547,5.0,36.983887,3.0,25.1571209840078,6.877372987618084,3.590825976767212,0.7343983205778233,0.0989926099831688
PedNYC25_scenario15,25,15,0.102664128571945,1.6695637179486462,0.0772560115142618,0.101307921962,0.6154093027930052,12.0,44.220612,0.0,25.73068889387917,2.612480114791286,4.695436219563806,0.6309919680675231,0.0334305905985201
PedNYC25_scenario16,25,16,0.1158651488795749,1.5265791807050475,0.1260292391486374,0.1245250447683534,0.5579710003531784,9.0,36.386719,2.0,25.208110357938004,8.363640688487607,5.284182819604862,0.1764188514118703,0.0060554291113703
PedNYC25_scenario21,25,21,0.1270595235314006,1.6085522486631172,0.1140271578796812,0.0953447155226258,0.5255998530214441,10.0,46.727905,1.0,27.1051900170188,6.446308363967052,3.9727976787623263,-0.0395174262247855,0.0036924920024251
PedNYC26_scenario3,26,3,0.4342245663070168,1.2199965635142171,0.1569472615501584,0.1357709978029442,0.3083189307920759,9.0,41.808594,0.0,26.37046089548933,3.81144220557514,0.0006413640089419,0.0010077305072849,0.0082341023749431
PedNYC26_scenario7,26,7,0.6123710725178202,1.462894334434651,0.1903314493702398,0.177178823809704,0.289237356139792,6.0,34.470703,3.0,30.51276864164352,5.762243029237494,2.729824483121408,1.3767994718995331,0.0530967454281565
PedNYC26_scenario12,26,12,0.2736471663827627,1.3616904601723077,0.2069234952748718,0.2110322768145372,0.3618059061055873,8.0,41.395264,1.0,25.2373730004428,11.13856802154323,4.415201202912021,0.8105377985437139,0.0593045730021364
PedNYC26_scenario15,26,15,0.2080393525762828,1.7870527747836316,0.1501488805166287,0.1454188198664486,0.4547567464067223,10.0,41.806885,0.0,27.159241591993112,3.23275575467774,5.326207873056732,0.9297594305775204,0.032004511243153
PedNYC26_scenario16,26,16,0.2530778858405066,1.3207907081553312,0.183737985540123,0.1750515795042077,0.3220361489976333,9.0,30.853027,1.0,36.97770051004958,8.344852477805022,4.1875228511521945,-0.8588817169715462,0.0434437793562517
PedNYC26_scenario21,26,21,0.6525003923604202,2.1596763340297644,0.181244132315298,0.2078879170127154,0.2800055558605179,8.0,30.05835,3.0,34.00552063777654,4.845179257987544,6.091170634191067,0.7280468944924514,0.0009956074117935
PedNYC27_scenario21,27,21,0.0288211615165826,1.3822320572826423,0.0252979683147575,0.0274204472365886,0.6595195415260275,2.0,69.144165,0.0,8.485149181382967,6.746257025402233,1.2092317373257149,-0.260489630992832,0.0142475637875325
PedNYC28_scenario3,28,3,0.0859271114552771,1.6017100980779633,0.0661978725210646,0.0662232670802527,0.5338033795024395,2.0,41.292114,1.0,8.421062086806018,6.333304877389345,5.130356297003549,0.2603911829018785,0.0128736083980178
PedNYC28_scenario7,28,7,0.2115805707562061,1.414335080616228,0.0647898556605455,0.0730015065916477,0.4414266241691446,1.0,37.896484,2.0,7.084855921951252,6.988240937625057,6.6431156427788505,-0.9828470958156436,0.0595474376880324
PedNYC28_scenario12,28,12,0.1469137372569106,1.399621711168776,0.1330048609792305,0.1134604784383695,0.4981885930811786,5.0,32.549561,1.0,15.456341388750603,13.146131574682656,4.167752892175498,-1.2741972644436124,0.0840702162852715
PedNYC28_scenario15,28,15,0.0179967346659528,1.939222747183908,0.022756537195943,0.0230724006801403,0.6001042600570375,3.0,45.428711,0.0,1.8746366077788807,2.6665792240673967,4.426686969263348,0.2176501247037482,0.0436829014176116
PedNYC28_scenario16,28,16,0.0687638012514617,1.665519043395527,0.0408530309884912,0.0567416131642569,0.5365536519762111,1.0,38.300537,1.0,4.308732884097008,7.376105211287653,5.420816579787477,0.0493026592950987,0.0476586558385218
PedNYC28_scenario21,28,21,0.0150766536138153,1.645482506907126,0.0185971194888342,0.0145901847675608,0.596223003980142,0.0,46.643311,0.0,2.084554114889511,6.459151001283509,4.216670869314127,0.3086719426795862,0.0075757335749524
PedNYC29_scenario3,29,3,0.6080095375576703,1.173016072006843,0.2195444219235495,0.2431878201376075,0.0755360112037894,3.0,48.633545,0.0,25.9455700675397,6.937753060921351,1.9961358182529303,1.194451757819981,0.045752878543115
PedNYC29_scenario7,29,7,0.6751465287336872,1.1715203268139232,0.1704721050905146,0.1818794679899638,0.1858497977201307,2.0,40.176514,0.0,18.255105823761166,6.69082193170922,0.0498564849363906,0.3285006268108962,0.1060456623566605
PedNYC29_scenario12,29,12,0.5227067250075031,1.3109821043247112,0.2060892972740398,0.2039784938076904,0.1753788193467378,5.0,37.303467,0.0,29.53618335784328,7.664646012193876,9.238785484682386e-05,0.00019712846095,0.0873292886768873
PedNYC29_scenario15,29,15,0.5683501027416488,1.2977607909744515,0.1736550752123099,0.1763487998011024,0.1899914738594117,2.0,53.555298,0.0,18.86925090683388,1.7036783877183728,1.0818117770234552,-0.0738906993336832,0.0367169507648191
PedNYC29_scenario21,29,21,0.2915912404472763,1.1065204963582365,0.1097571399913872,0.1221187013473565,0.3485576041305204,6.0,55.967957,0.0,15.222682044706088,7.043781198363464,3.261503669646374,0.1317841172824316,0.0057521012795713
PedNYC30_scenario3,30,3,0.0922604821551757,2.025603435069487,0.0846754667029479,0.0822946615844334,0.5797190291924342,14.0,64.641235,11.0,31.527813177426783,12.373834720023654,4.331433180142689,-0.8054825051944302,0.0011061758418534
PedNYC30_scenario12,30,12,0.2131318906398868,1.896892166612226,0.1391240034515986,0.1480689440249701,0.3536217783046686,6.0,45.281982,0.0,28.74911853702352,10.056346363688755,4.010266562978042,-0.7450159572966846,0.0768912424163367
PedNYC30_scenario15,30,15,0.0951172077395716,1.820768184984725,0.0933108509050997,0.0862448306758727,0.5838528029976355,9.0,55.691895,1.0,19.118332937664828,3.0449412672057026,0.2006998658846992,1.0723636457621346,0.0204318505935428
PedNYC30_scenario16,30,16,0.2302149222570881,1.7378651806218843,0.1949564820037803,0.1818289941796811,0.3286529310629333,6.0,33.888184,0.0,37.68933175996875,6.190733841478437,0.0501820485087519,0.1201518676373598,0.042541727464723
PedNYC30_scenario21,30,21,0.1555836344166637,2.1766698466333487,0.1569220448663548,0.135572620721975,0.4728649725461601,15.0,54.878662,1.0,21.84180255192277,4.024705833059646,4.32341581192661,0.5339963121789718,0.0019444776922127
PedNYC31_scenario3,31,3,0.1994884832525408,1.8273892732472925,0.1307238361842071,0.1339356073982856,0.3772278423293431,18.0,81.025146,14.0,21.27195370886077,8.720451007805268,0.8672708156470167,0.0775317950520945,0.0302029968112162
PedNYC31_scenario12,31,12,0.1308312102315386,1.2523140243098505,0.1103698694732997,0.1120820589703922,0.526329004496714,22.0,90.34375,10.0,21.983211817409742,7.341996489558174,1.2238798139337392,0.0487923530360671,0.0393049600076358
PedNYC31_scenario15,31,15,0.1284256567095195,1.6830702475923944,0.0995088622588158,0.0969316856708697,0.5232979611773525,36.0,119.1521,17.0,21.842191604579057,3.33938252974848,0.000475504562446,5.635188665738587e-05,0.0071952134258484
