window_id,start_time,end_time,mid_time,cluster_id,reconstruction_error,start_row,end_row
0,0.0,1.339355,0.682373,2,0.031410713,0,29
1,0.234375,1.575928,0.912109,2,0.020247255,5,34
2,0.458496,1.811279,1.14917,2,0.01972243,10,39
3,0.682373,2.045654,1.385986,2,0.019989341,15,44
4,0.912109,2.281494,1.623291,2,0.02327549,20,49
5,1.14917,2.520996,1.859619,2,0.030736746,25,54
6,1.385986,2.73291,2.094727,2,0.04001217,30,59
7,1.623291,2.952393,2.330566,2,0.045162268,35,64
8,1.859619,3.172119,2.562988,2,0.058196776,40,69
9,2.094727,3.386963,2.776367,2,0.06128701,45,74
10,2.330566,3.608398,2.994385,2,0.060088214,50,79
11,2.562988,3.839355,3.213867,2,0.05596563,55,84
12,2.776367,4.080566,3.431152,0,0.046951175,60,89
13,2.994385,4.32373,3.653809,0,0.044402186,65,94
14,3.213867,4.567627,3.886719,0,0.01973937,70,99
15,3.431152,4.809326,4.12915,0,0.023104576,75,104
16,3.653809,5.048096,4.373535,0,0.016255267,80,109
17,3.886719,5.285156,4.614014,0,0.019912034,85,114
18,4.12915,5.525879,4.856445,0,0.02323497,90,119
19,4.373535,5.758301,5.095215,0,0.029190676,95,124
20,4.614014,6.002686,5.331055,0,0.034692816,100,129
21,4.856445,6.243896,5.571777,0,0.04225553,105,134
22,5.095215,6.48877,5.806885,0,0.04204797,110,139
23,5.331055,6.73291,6.052979,0,0.041829232,115,144
24,5.571777,6.979492,6.292969,0,0.03944293,120,149
25,5.806885,7.231934,6.536621,0,0.03284923,125,154
26,6.052979,7.48584,6.781006,0,0.024812305,130,159
27,6.292969,7.731689,7.0271,0,0.02536754,135,164
28,6.536621,7.97876,7.28418,0,0.020153427,140,169
29,6.781006,8.233643,7.534424,0,0.018238313,145,174
30,7.0271,8.477051,7.779541,0,0.02132367,150,179
31,7.28418,8.731201,8.02832,0,0.02731713,155,184
32,7.534424,8.976563,8.282227,0,0.027248051,160,189
33,7.779541,9.211426,8.526123,0,0.03358894,165,194
34,8.02832,9.442627,8.781006,0,0.033036422,170,199
35,8.282227,9.67627,9.023682,0,0.040806577,175,204
36,8.526123,9.90918,9.258789,0,0.03993064,180,209
37,8.781006,10.14624,9.488037,0,0.036919065,185,214
38,9.023682,10.379395,9.722412,0,0.035320766,190,219
39,9.258789,10.612549,9.958984,0,0.04508527,195,224
40,9.488037,10.832275,10.193604,0,0.0497926,200,229
41,9.722412,11.053223,10.426025,0,0.045587555,205,234
42,9.958984,11.274658,10.657227,0,0.045929678,210,239
43,10.193604,11.498291,10.876465,0,0.048253454,215,244
44,10.426025,11.738281,11.096436,0,0.10602701,220,249
45,10.657227,11.970947,11.319824,0,0.10538624,225,254
46,10.876465,12.200195,11.552002,0,0.12120517,230,259
47,11.096436,12.430176,11.782715,0,0.13475718,235,264
48,11.319824,12.658447,12.019043,0,0.13211854,240,269
49,11.552002,12.886475,12.247803,0,0.12669171,245,274
50,11.782715,13.12085,12.477539,0,0.08155239,250,279
51,12.019043,13.346436,12.702881,0,0.12297183,255,284
52,12.247803,13.562744,12.934814,0,0.16923596,260,289
53,12.477539,13.782715,13.166504,0,0.17065524,265,294
54,12.702881,14.015381,13.390625,0,0.20174697,270,299
55,12.934814,14.25293,13.607422,0,0.21560529,275,304
56,13.166504,14.500488,13.828125,3,0.22481377,280,309
57,13.390625,14.737793,14.0625,3,0.1953296,285,314
58,13.607422,14.970703,14.301758,3,0.15570797,290,319
59,13.828125,15.217041,14.544678,3,0.1505686,295,324
60,14.0625,15.45874,14.783447,3,0.113617726,300,329
61,14.301758,15.694336,15.016846,3,0.1200316,305,334
62,14.544678,15.931641,15.265381,3,0.12361204,310,339
63,14.783447,16.172852,15.505859,3,0.14753266,315,344
64,15.016846,16.407227,15.740723,3,0.1403756,320,349
65,15.265381,16.635254,15.981445,3,0.14867316,325,354
66,15.505859,16.851807,16.219727,3,0.15337175,330,359
67,15.740723,17.069824,16.45459,3,0.11293031,335,364
68,15.981445,17.29126,16.678711,3,0.101497434,340,369
69,16.219727,17.5354,16.895508,3,0.16986515,345,374
70,16.45459,17.760986,17.114746,3,0.16176987,350,379
71,16.678711,17.98999,17.335205,3,0.21484873,355,384
72,16.895508,18.224121,17.581543,3,0.21184832,360,389
73,17.114746,18.455811,17.808105,3,0.21908845,365,394
74,17.335205,18.691895,18.039795,3,0.2543937,370,399
75,17.581543,18.924805,18.27002,3,0.18808608,375,404
76,17.808105,19.1604,18.501709,3,0.1623311,380,409
77,18.039795,19.396973,18.737793,3,0.15111957,385,414
78,18.27002,19.637695,18.972168,3,0.14184642,390,419
79,18.501709,19.891113,19.207275,3,0.118822664,395,424
80,18.737793,20.141113,19.446289,3,0.07939599,400,429
81,18.972168,20.397461,19.688965,3,0.07108559,405,434
82,19.207275,20.652588,19.94043,3,0.056138474,410,439
83,19.446289,20.908203,20.192871,3,0.02740413,415,444
84,19.688965,21.158447,20.446289,3,0.022862857,420,449
85,19.94043,21.404541,20.705566,3,0.021302193,425,454
86,20.192871,21.647705,20.958008,3,0.019441139,430,459
87,20.446289,21.894287,21.208984,3,0.017542286,435,464
88,20.705566,22.149902,21.453125,3,0.01967257,440,469
89,20.958008,22.405762,21.695313,3,0.024185136,445,474
90,21.208984,22.665039,21.94751,3,0.033061042,450,479
91,21.453125,22.92627,22.200684,3,0.03980571,455,484
92,21.695313,23.177734,22.455811,3,0.04474994,460,489
93,21.94751,23.400146,22.717529,3,0.049941264,465,494
94,22.200684,23.616455,22.980225,3,0.04843987,470,499
95,22.455811,23.845947,23.224121,1,0.0566873,475,504
96,22.717529,24.05835,23.442383,1,0.0566053,480,509
97,22.980225,24.280273,23.65918,1,0.06053306,485,514
98,23.224121,24.489746,23.889648,1,0.05046983,490,519
99,23.442383,24.703857,24.108154,1,0.05512586,495,524
100,23.65918,24.930176,24.323486,1,0.052314244,500,529
101,23.889648,25.154053,24.530762,1,0.046751898,505,534
102,24.108154,25.379883,24.754395,1,0.05045287,510,539
103,24.323486,25.623047,24.974609,1,0.053837255,515,544
104,24.530762,25.882568,25.198242,1,0.053624753,520,549
105,24.754395,26.144531,25.426758,1,0.060257565,525,554
106,24.974609,26.408936,25.676025,1,0.058777332,530,559
107,25.198242,26.668213,25.93335,4,0.058694378,535,564
108,25.426758,26.936279,26.196777,4,0.055580653,540,569
109,25.676025,27.195557,26.459961,4,0.05063195,545,574
110,25.93335,27.460205,26.724609,4,0.048980825,550,579
111,26.196777,27.7229,26.987305,4,0.04335339,555,584
112,26.459961,27.983154,27.247559,4,0.03783595,560,589
113,26.724609,28.242432,27.511963,4,0.03600635,565,594
114,26.987305,28.504395,27.775879,4,0.03334615,570,599
115,27.247559,28.761719,28.034668,4,0.030615143,575,604
116,27.511963,29.027344,28.294678,4,0.031889092,580,609
117,27.775879,29.289551,28.555908,4,0.027777357,585,614
118,28.034668,29.55542,28.816162,4,0.02457704,590,619
119,28.294678,29.807373,29.07959,4,0.026886977,595,624
120,28.555908,30.072754,29.343018,4,0.02796968,600,629
121,28.816162,30.331543,29.60376,4,0.026243035,605,634
122,29.07959,30.588135,29.860596,4,0.02921195,610,639
123,29.343018,30.847412,30.124756,4,0.048675634,615,644
