window_id,mid_time,latent_0,latent_1,latent_2,latent_3,latent_4,latent_5,latent_6,latent_7,latent_8,latent_9,latent_10,latent_11,latent_12,latent_13,latent_14,latent_15
0,0.682373,0.0,0.0,0.0,20.841614,9.377784,0.0,0.0,20.008163,0.0,8.5975685,14.10604,0.0,11.723074,0.0,1.4156901,34.95465
1,0.912109,0.0,0.0,0.0,20.145792,9.266792,0.0,0.0,20.09918,0.0,8.2598295,14.525744,0.0,12.350232,0.0,0.96769184,35.520596
2,1.14917,0.0,0.0,0.0,18.561508,9.133494,0.0,0.0,19.91007,0.07864542,7.850363,15.334065,0.0,13.2194605,0.7098002,0.33244815,35.906654
3,1.385986,0.0,0.0,0.0,16.800564,8.993775,0.0,0.0,19.566534,0.30377597,7.328746,16.044931,0.0,14.073104,1.6662475,0.0,36.13638
4,1.623291,0.0,0.0,0.0,14.983589,8.802209,0.0,0.0,19.185915,0.60237956,6.6632957,16.620777,0.7367235,14.797575,2.6557183,0.0,36.17556
5,1.859619,0.0,0.0,0.0,12.069673,7.8048735,0.025397994,0.0,18.727089,1.0837344,6.0728207,17.887684,2.588961,14.378341,4.6518145,0.0,35.47381
6,2.094727,0.0,0.0,0.0,8.364891,3.524834,0.0,0.0,17.91169,1.5525719,6.2976546,21.02127,8.171683,10.823629,10.7463875,0.0,34.833435
7,2.330566,0.0,0.0,6.438803,5.715055,0.0120503465,0.0,0.0,17.289026,1.9919876,6.773596,22.76197,12.490584,7.393428,15.627532,0.0,33.328552
8,2.562988,0.0,0.0,14.316175,4.1497107,0.0,0.0,0.0,16.407413,3.843062,6.49134,22.023502,14.182974,4.2645106,18.923405,0.0,29.61977
9,2.776367,0.0,0.0,23.612467,4.653597,0.0,0.0,0.0,14.3285885,6.535279,5.1797004,18.35532,14.332197,2.7609303,22.33171,0.0,24.66207
10,2.994385,0.0,1.1632035,30.301825,6.895159,0.0,0.0,0.0,11.688623,8.927314,3.0905938,12.059556,12.605265,3.83729,24.530766,0.0,19.841063
11,3.213867,0.0,0.0,30.091454,9.788053,0.0,0.0,0.0,8.985399,10.5905075,0.8030365,4.0575557,7.873852,7.80337,23.068516,0.0,16.214233
12,3.431152,0.0,0.0,26.602016,11.537031,4.014809,0.0,1.8920946,5.70275,12.308415,0.0,0.0,2.2841957,11.624892,19.866598,0.0,11.988587
13,3.653809,0.0,0.0,22.353493,12.1187525,6.800238,0.0,5.4128685,2.3740528,11.522598,0.0,0.0,0.0,14.486201,17.988506,0.0,10.258394
14,3.886719,0.0,0.0,17.101454,11.323252,8.945961,0.25349772,7.7604003,0.0,9.781549,0.0,0.0,0.0,16.202784,16.933464,0.0,9.974076
15,4.12915,0.0,0.0,11.24029,9.175785,9.328341,1.6966553,7.8031783,0.0,7.4200063,0.2423241,0.0,1.3471124,15.344333,15.875341,0.0,11.044774
16,4.373535,0.0,0.0,6.628248,7.315206,9.298002,2.7024317,7.580332,0.0,5.3684397,2.1769452,0.0,3.0159872,14.034523,15.092731,1.8625565,11.953851
17,4.614014,0.0,0.0,3.8619745,6.262252,9.362472,3.2176058,7.635217,0.0,3.998826,3.7392566,0.5590633,4.2880044,13.014889,14.738574,3.6180983,12.41102
18,4.856445,0.0,0.0,2.2397919,5.6859345,9.466311,3.4480877,7.891478,0.0,3.0745645,4.9798827,2.1791763,5.1795397,12.255874,14.599329,4.994739,12.519564
19,5.095215,0.0,0.0,2.504403,5.7286625,9.867646,3.4087524,8.508572,0.0,2.8974009,5.572682,2.1613185,5.3903656,12.03562,14.696526,5.6903777,11.943018
20,5.331055,0.0,0.0,2.4547,5.417478,10.471627,3.5824473,9.011828,0.0,2.584323,6.1069336,1.8428814,5.837424,11.864785,14.693665,5.599806,10.79907
21,5.571777,0.0,0.0,2.1471014,4.958151,11.010154,4.0870214,9.039127,0.0,2.3025446,6.582183,1.2091149,6.384098,12.018461,14.52983,4.205359,9.149157
22,5.806885,0.0,0.0,1.8585815,3.9726257,11.365152,5.436784,8.320644,0.0,1.7795426,7.3205824,1.0791225,7.3061957,12.071224,14.252216,1.9495802,7.260242
23,6.052979,0.0,0.0,1.1348459,2.8767242,11.537069,7.1049533,7.470268,0.0,1.4564056,8.049655,1.3616694,8.183952,12.046123,13.965519,0.25126162,5.5159454
24,6.292969,0.0,0.0,0.0,1.8424737,11.443174,8.856469,6.868798,0.0,1.5629889,8.559354,2.3457828,8.825111,11.836621,14.016076,0.0,4.255394
25,6.536621,0.0,0.0,0.0,0.45886457,11.178313,10.965366,6.355361,0.0,1.6040347,9.07108,3.8046134,9.525943,11.424342,14.062329,0.39464217,3.0555842
26,6.781006,0.0,0.0,0.0,0.0,10.801895,12.05584,6.5670333,0.0,2.022852,9.085968,4.4445715,9.733167,11.091842,14.362648,1.8683406,2.417409
27,7.0271,0.0,0.0,0.0,0.0,11.003017,12.388101,7.506125,0.0,2.6846209,8.577131,4.352606,9.460615,11.134549,14.80328,3.7340512,2.240669
28,7.28418,0.0,0.0,0.0,0.0,11.465915,12.341528,8.576564,0.0,3.3134398,8.0484915,3.8395388,8.9385395,11.188718,15.084873,5.356712,2.0472257
29,7.534424,0.0,0.0,0.0,0.0,11.898403,12.329029,9.573468,0.0,3.5804148,7.8383656,3.011628,8.791956,10.989938,15.132452,6.2952538,1.1123469
30,7.779541,0.0,0.0,0.0,0.0,12.316578,12.288743,10.735775,0.0,3.4099379,8.10073,1.6766713,8.58325,10.425853,14.474951,7.058617,0.0
31,8.02832,0.0,0.0,0.0,0.32988378,12.694952,11.8900585,12.154084,0.0,3.210178,8.481716,0.06669736,8.041492,9.604774,13.554459,8.104477,0.0
32,8.282227,0.0,0.0,0.39115363,1.081071,13.023008,11.246176,13.638313,0.0,2.972673,8.869123,0.0,7.1779327,8.713546,12.508364,9.288964,0.0
33,8.526123,0.0,0.0,1.7815527,2.1191702,13.372533,10.316647,15.218864,0.0,2.9020681,9.055514,0.0,5.4698515,7.935932,11.463533,10.721977,0.0
34,8.781006,0.0,0.0,3.5908873,3.601129,13.404664,8.664733,16.599653,0.0,2.7102861,9.023273,0.0,3.447559,7.2498937,10.321716,11.791972,0.0
35,9.023682,0.0,0.0,5.666076,5.3173323,13.040181,6.37767,17.074379,0.0,2.6812954,8.793841,0.0,1.3481333,6.736113,9.504678,11.961797,0.0
36,9.258789,0.0,0.0,7.114955,6.8501635,12.524729,4.037683,16.741362,0.0,2.320447,8.466485,0.0,0.0,6.3742237,8.756768,11.373776,0.0
37,9.488037,0.0,0.0,7.5067735,8.199091,11.661901,1.4383912,15.759201,0.0,1.1651204,8.35744,0.0,0.0,5.9058113,7.425753,10.174602,0.0
38,9.722412,0.0,0.0,7.6088834,9.5453205,10.718508,0.0,14.63678,0.0,0.011391772,8.4601,0.0,0.0,5.42103,6.0073056,8.921387,1.4040895
39,9.958984,0.0,0.0,6.8791733,10.437593,9.681346,0.0,13.386413,0.0,0.0,8.923968,0.0,0.0,4.6507754,4.5379744,8.181896,2.9079835
40,10.193604,0.0,0.0,6.3427672,11.092536,8.627166,0.0,12.347231,0.0,0.0,9.337932,0.0,0.0,3.9424057,3.3912733,7.575672,4.108961
41,10.426025,0.0,0.0,6.2375603,11.418614,7.406928,0.0,11.259234,0.0,0.0,9.959706,0.0,0.0,3.0062747,2.3646305,6.9902625,4.9042864
42,10.657227,0.0,0.0,6.894993,11.576901,6.4754033,0.0,10.605418,0.0,0.0,10.104933,0.0,0.0,2.382933,1.9824263,6.454242,4.8615913
43,10.876465,0.0,0.0,7.61889,11.920853,5.982266,0.0,10.370901,0.0,0.0,10.187052,0.0,0.0,1.9866351,1.526691,5.711892,4.082723
44,11.096436,0.0,0.0,7.361237,11.915092,5.6377997,0.0,10.101197,0.0,0.0,10.551247,0.0,0.0,1.5572095,0.8287679,4.8359733,2.547225
45,11.319824,0.0,0.0,6.822818,12.092901,5.327903,0.0,9.752149,0.0,0.0,11.365279,0.0,0.0,1.0202315,0.0,4.201923,0.8603665
46,11.552002,0.9941357,0.0,5.459064,12.615392,5.130941,0.0,9.961035,0.0,0.0,12.238638,0.0,0.0,0.37868887,0.0,4.1875634,0.0
47,11.782715,2.0978112,0.0,3.8857586,13.593662,4.986661,0.0,10.400869,0.02337563,0.0,13.106909,0.0,0.0,0.0,0.0,4.413676,0.0
48,12.019043,2.9653087,0.0,2.5249732,14.752843,4.729468,0.0,10.684338,0.85671234,0.0,13.671148,0.0,0.0,0.0,0.0,4.6966224,0.0
49,12.247803,3.3915381,0.0,1.7683849,16.1583,4.39511,0.0,10.645866,2.2302313,0.0,13.786656,0.0,0.0,0.0,0.0,5.029917,0.0
50,12.477539,2.9217126,0.0,0.9909499,17.145893,4.374722,0.0,9.974056,3.8088653,0.0,13.655718,0.0,0.0,0.0,0.0,5.4785647,0.0
51,12.702881,1.0203195,0.0,0.0,17.650614,5.142513,0.0,8.679984,6.124195,0.0,13.753114,0.0,0.0,0.0,0.0,6.705934,0.6592261
52,12.934814,0.0,0.0,0.0,18.70203,6.4137344,0.0,7.8679404,8.775408,0.0,14.1554165,0.0,0.0,0.0,0.0,8.629732,4.9574018
53,13.166504,0.0,0.0,0.0,20.188105,7.0797024,0.0,7.7515235,11.288615,0.0,13.954914,0.0,0.0,0.758738,0.0,10.145254,9.195162
54,13.390625,0.0,0.0,0.0,21.96285,4.274291,0.0,9.685349,12.695918,0.0,10.019251,0.0,0.0,0.0,0.0,9.123797,12.110745
55,13.607422,0.0,1.0422883,0.0,23.972025,0.6833516,0.0,13.043314,13.173028,0.0,5.3888454,0.0,0.44554263,0.0,0.0,6.6073217,12.96352
56,13.828125,0.0,4.6604743,0.0,23.642727,0.0,0.0,12.141853,12.02568,0.0,2.8818326,0.0,1.339318,0.0,0.0,3.0837004,12.773227
57,14.0625,0.0,8.300576,0.0,21.46,0.0,0.0,9.42536,10.028811,0.0,1.5562581,0.0,1.9164213,0.0,0.0,0.0,11.105608
58,14.301758,0.0,11.797788,0.0,18.445318,0.0,0.0,5.748176,7.8943534,0.0,0.77286273,0.0,2.2493124,0.0,0.0,0.0,9.208176
59,14.544678,0.0,13.083278,0.0,15.109661,0.0,0.0,0.80723226,6.3665566,0.0,3.1146867,0.0,1.2347487,0.0,0.0,0.0,7.8297305
60,14.783447,0.0,13.2942705,0.0,11.733975,0.0,0.0,0.0,5.5161114,0.0,6.191099,0.035872627,0.0,0.0,0.0,0.0,7.0635676
61,15.016846,0.0,13.969661,0.0,11.241287,0.0,0.0,0.0,5.356666,0.0,7.1652193,0.0,0.0,0.0,0.0,0.0,6.324013
62,15.265381,0.0,14.908278,0.0,11.569553,0.0,0.0,0.0,5.3530717,0.0,6.7368226,0.0,0.0,0.0,0.0,0.0,5.437198
63,15.505859,0.0,15.26748,0.0,11.082435,0.0,0.0,0.0,5.433031,0.0,6.323008,0.0,0.0,0.0,0.0,0.0,4.809886
64,15.740723,0.0,15.970287,0.36018258,10.934888,0.0,0.0,0.0,5.319845,0.0,6.35999,0.0,0.0,0.0,0.0,0.0,4.2276373
65,15.981445,0.0,16.798962,3.839926,11.302981,0.0,0.0,0.0,5.291881,0.0,6.2689466,0.0,0.0,0.0,0.0,0.0,3.2075617
66,16.219727,0.0,17.380653,8.337054,12.186271,0.0,0.0,0.0,5.6833286,0.0,6.0457,0.0,0.0,0.0,0.0,0.0,2.3129156
67,16.45459,0.0,17.64521,12.879952,13.148144,0.0,0.0,0.0,6.119901,0.0,5.8316646,0.0,0.0,0.0,0.0,0.33162665,1.5184962
68,16.678711,1.7748173,17.10109,15.773846,15.679879,0.0,0.0,1.0145019,6.816745,0.0,5.143681,0.0,0.0,0.0,0.0,2.6873333,0.8381377
69,16.895508,4.9637046,16.521091,16.133366,18.742317,0.0,0.0,6.5731044,7.4090514,0.0,2.8986192,0.0,0.0,0.0,0.0,3.814012,0.011965547
70,17.114746,7.5797806,15.810442,13.974229,21.519588,0.0,0.0,11.616288,7.955133,0.0,0.46436605,0.0,0.0,0.0,0.0,3.1271608,0.0
71,17.335205,8.866586,15.332769,9.470938,22.920221,0.0,0.0,14.100945,7.88566,0.0,0.0,0.0,1.0248353,0.0,0.0,1.0479022,0.0
72,17.581543,9.308103,15.391727,4.0902944,22.873064,0.0,0.0,14.662177,7.550722,0.0,0.0,0.0,3.2511659,0.0,0.0,0.0,0.0
73,17.808105,8.789267,16.494465,0.16025649,21.257168,0.0,0.0,12.367963,6.845794,0.0,0.0,0.0,4.9117928,0.0,0.0,0.0,0.0
74,18.039795,7.4046702,17.855253,0.0,17.749186,0.0,0.0,7.3860574,5.9750266,0.0,1.5695971,0.0,4.622517,0.0,0.0,0.0,0.0
75,18.27002,5.227289,18.475864,0.0,14.182187,0.0,0.0,1.8491168,5.5783587,0.0,3.845517,0.0,3.1610613,0.0,0.0,0.0,0.0
76,18.501709,3.163646,18.662712,0.5974338,11.172872,0.0,0.0,0.0,5.2717323,0.0,5.1920676,0.0,1.938305,0.0,0.0,0.0,0.0
77,18.737793,1.5695509,17.945759,0.88733524,9.265015,0.0,0.0,0.0,5.69246,0.0,5.22451,0.26822978,1.2559481,0.0,0.0,0.0,0.0
78,18.972168,0.24274747,17.150305,1.0856681,8.276052,0.0,0.0,0.0,6.223578,0.0,4.5158057,1.362244,0.5185714,0.0,0.0,0.0,0.5622325
79,19.207275,0.0,16.7755,0.49331173,7.7202964,0.0,0.0,0.0,6.819824,0.0,3.1440501,2.216098,0.4097553,0.0,0.0,0.0,1.4168007
80,19.446289,0.0,17.117634,0.28756037,7.2056456,0.0,0.0,0.0,7.367424,0.0,1.6925371,2.760574,0.44557324,0.0,0.0,0.0,1.7910227
81,19.688965,0.0,17.967274,0.14906453,6.2576194,0.0,0.0,0.0,7.6883183,0.5785838,0.28465334,2.8887239,0.67452306,0.0,0.0,0.0,1.3382826
82,19.94043,0.92096496,19.07975,0.69995594,5.233195,0.0,0.0,0.0,7.6512256,1.5704097,0.0,2.6455865,0.45744962,0.0,0.0,0.0,0.62439656
83,20.192871,2.1789951,20.030958,1.4510007,4.1244707,0.0,0.0,0.0,7.4086847,2.7445188,0.0,2.272581,0.3203211,0.0,0.0,0.0,0.0
84,20.446289,3.4752738,20.523195,2.2620664,2.9948795,0.0,0.0,0.0,6.8767915,3.9639564,0.0,2.0874498,0.04756834,0.0,0.0,0.0,0.0
85,20.705566,4.823824,20.705017,3.10264,1.9805946,0.0,0.0,0.0,6.0992885,5.0464315,0.0,2.0965693,0.0,0.0,0.0,0.0,0.0
86,20.958008,6.2063184,20.689138,3.67909,1.0906456,0.0,0.0,0.0,5.115907,5.9748588,0.0,2.2244685,0.0,0.0,0.0,0.0,0.0
87,21.208984,7.5896707,20.608608,4.0535583,0.3876105,0.0,0.0,0.0,4.183852,6.5982265,0.0,2.4019916,0.0,0.0,0.0,0.0,0.0
88,21.453125,9.062671,20.228136,4.188117,0.0,0.0,0.0,0.0,3.1107683,6.9509077,0.0,2.5406752,0.0,0.0,0.0,0.0,0.0
89,21.695313,10.513746,19.663328,4.1499524,0.0,0.0,0.28035608,0.0,2.122888,7.001563,0.0,2.4426086,0.0,0.0,0.0,0.0,0.0
90,21.94751,11.906233,18.727802,4.000112,0.0,0.0,0.9022339,0.0,0.9965209,6.469817,0.0,1.9891633,0.33557928,0.0,0.0,0.0,0.0
91,22.200684,13.86292,17.293114,3.6500049,0.0,0.0,1.7696675,0.0,0.0,5.089519,0.0,1.006356,1.4135151,0.0,0.0,0.0,0.0
92,22.455811,17.446857,15.484684,2.6390364,0.0,0.0,2.3124034,0.0,0.0,1.8672242,0.0,0.0,4.953386,0.0,0.0,0.0,0.0
93,22.717529,21.218708,13.095241,1.0566485,0.0,0.0,1.2284166,0.0,0.0,0.0,0.0,0.0,11.11458,0.0,0.0,0.0,0.0
94,22.980225,22.992083,9.823619,0.0,0.0,0.0,0.0,0.0,2.615173,0.0,0.0,0.0,17.257254,0.0,0.0,0.0,0.0
95,23.224121,22.95312,5.9641633,0.0,0.0,0.0,0.0,0.65379214,6.963787,0.0,0.0,1.2262101,23.080385,0.0,0.0,0.0,0.0
96,23.442383,22.069931,2.8947182,0.0,0.0,0.0,0.0,2.017302,12.698601,0.0,0.0,4.688352,28.868114,0.0,0.0,0.0,0.0
97,23.65918,19.154404,0.26197457,0.0,0.0,0.0,0.0,1.9282831,18.92928,0.0,0.0,9.161088,32.769814,0.0,0.0,0.0,0.0
98,23.889648,14.521196,0.0,0.0,0.0,0.0,0.0,0.0,24.7504,0.0,0.0,14.062414,33.45324,0.0,0.0,0.0,0.0
99,24.108154,10.772111,0.0,0.0,0.0,0.0,0.0,0.0,29.609482,2.8699565,0.0,18.404686,32.573204,0.0,0.0,0.0,0.0
100,24.323486,8.708331,0.0,0.0,0.0,0.0,0.0,0.0,32.98337,5.712833,0.0,21.689867,31.406504,0.0,0.0,0.0,0.0
101,24.530762,7.088871,0.8822083,0.0,0.0,0.0,0.0,0.0,35.021114,8.3332615,0.0,24.059053,29.471235,0.0,0.0,0.0,0.0
102,24.754395,6.265974,4.042674,0.0,0.0,0.0,0.0,0.0,35.876198,11.067627,0.0,25.30022,26.30695,0.0,0.0,0.0,0.0
103,24.974609,6.9700937,8.576809,0.0,0.0,0.0,0.0,0.0,35.544575,13.60074,0.0,26.069708,22.706985,0.0,0.0,0.0,0.0
104,25.198242,8.4975395,13.155594,0.0,0.0,0.0,2.4039814,0.0,32.9978,15.21275,0.0,25.144928,18.36303,0.0,0.0,0.0,0.0
105,25.426758,10.819572,17.477951,0.0,0.0,0.0,5.062544,0.0,29.136364,15.909635,0.0,22.934603,13.983195,0.0,0.0,0.0,0.0
106,25.676025,13.610023,21.145273,0.1124084,0.0,0.0,7.872352,0.0,24.549673,15.960476,0.0,20.080256,9.572884,0.0,0.0,0.0,0.0
107,25.93335,16.496803,23.585873,0.32676417,0.0,0.0,10.590742,0.0,19.866003,15.39477,0.0,16.951212,5.597923,0.0,0.0,0.0,0.0
108,26.196777,19.069782,24.492807,0.18791649,0.0,0.0,12.848984,0.0,15.155322,14.072239,0.0,13.826375,2.8113506,0.0,0.0,0.0,0.0
109,26.459961,20.983631,24.78104,0.0,0.0,0.0,14.352633,0.0,11.506863,12.726699,0.0,11.265645,1.1247269,0.0,0.0,0.0,0.0
110,26.724609,22.663315,24.952044,0.0,0.0,0.0,15.834502,0.0,9.140719,11.906497,0.0,9.8047905,0.0,0.0,0.0,0.0,0.0
111,26.987305,23.886435,25.059322,0.0,0.0,0.0,17.082981,0.0,7.6305428,11.545107,0.0,9.145678,0.0,0.0,0.0,0.0,0.0
112,27.247559,24.855778,25.36085,0.0,0.0,0.0,18.207884,0.0,6.747174,11.560588,0.0,9.018121,0.0,0.0,0.0,0.0,0.0
113,27.511963,25.707071,25.619057,0.0,0.0,0.0,19.428568,0.0,5.751673,11.569685,0.0,9.055115,0.0,0.0,0.0,0.0,0.0
114,27.775879,26.58403,25.260416,0.0,0.0,0.0,21.101961,0.0,3.9664822,10.820269,0.0,8.799166,0.0,0.0,0.0,0.0,0.0
115,28.034668,27.555058,23.86583,0.0,0.0,0.0,22.858725,0.0,1.6245528,8.926665,0.0,7.8067794,0.0,0.0,0.0,0.0,0.0
116,28.294678,28.375269,21.367825,0.0,0.0,0.0,24.725887,0.0,0.0,6.1787715,0.0,6.436838,0.0,0.0,0.0,0.0,0.0
117,28.555908,28.684286,18.262032,0.0,0.0,0.0,26.401505,0.0,0.0,3.1203418,0.0,5.2517157,0.0,0.0,0.0,0.0,0.0
118,28.816162,28.25119,14.768866,0.0,0.0,1.8929049,27.66811,0.0,0.0,0.0,1.8059978,4.4361277,0.0,0.0,0.0,0.0,0.0
119,29.07959,26.74441,10.764017,0.0,0.0,3.517662,28.121635,0.0,0.0,0.0,4.3204823,4.1577697,0.0,0.0,0.0,0.0,0.0
120,29.343018,24.374424,7.0323086,0.0,0.0,4.4348083,27.848328,0.0,0.0,0.0,5.9245353,4.852482,0.006753955,0.0,0.0,0.0,0.0
121,29.60376,21.272577,3.7531116,0.0,0.0,4.822759,27.005926,0.0,1.0611355,0.0,6.836594,6.1635933,0.3306099,0.0,0.0,0.0,0.0
122,29.860596,18.13746,1.5160071,0.0,0.0,4.7626095,25.63416,0.0,3.1678848,0.0,7.074429,7.5179257,0.25597095,0.0,0.0,0.0,0.0
123,30.124756,15.4304905,0.0,0.0,0.0,4.5405087,24.043516,0.0,5.2660155,0.0,7.056737,8.7700615,0.021834765,0.0,0.0,0.0,0.0
