pednyc_number,scenario_number,recording_identifier,source_decoded_csv_path,recording_duration,alignment_event,original_alignment_time,movement_onset_time,number_macro_segments,macro_phase_sequence,macro_phase_durations,total_low_motion_duration,acceleration_event_count,acceleration_event_duration,deceleration_event_count,deceleration_event_duration,pause_count,total_pause_duration,median_pause_duration,stop_start_count,head_rotation_event_count,median_pedestrian_speed,peak_pedestrian_speed,event_sequence,processing_status,quality_warnings
1,3,PedNYC1_scenario3,C:\Users\patl5\OneDrive\Desktop\BURE\pednyc_analysis\data\processed\pednyc1\scenario3\decoded_clean_PedNYC1_scenario3.csv,31.00293,pedestrian_movement_onset,8.679199,8.679199,5,low_motion -> acceleration -> crossing -> deceleration -> post_motion,low_motion:1.246;acceleration:2.055;crossing:12.301;deceleration:9.016;post_motion:6.385,11.177976999999998,7,8.269774999999997,2,1.3532720000000005,5,7.983886999999998,1.941650000000001,3,0,0.3547162903075639,1.64105413059329,low_motion -> acceleration -> crossing_commitment -> acceleration -> crossing_commitment -> acceleration -> crossing_commitment -> acceleration -> crossing_commitment -> acceleration -> possible_yielding -> crossing_commitment -> possible_yielding -> crossing_commitment -> deceleration -> acceleration -> crossing_commitment -> acceleration -> crossing_commitment -> deceleration -> low_motion,success,
1,7,PedNYC1_scenario7,C:\Users\patl5\OneDrive\Desktop\BURE\pednyc_analysis\data\processed\pednyc1\scenario7\decoded_clean_PedNYC1_scenario7.csv,41.770508,pedestrian_movement_onset,1.489258,1.489258,5,low_motion -> acceleration -> crossing -> deceleration -> post_motion,low_motion:0.256;acceleration:1.331;crossing:20.071;deceleration:8.141;post_motion:11.973,20.593505,4,6.667724999999999,4,3.6337899999999976,6,18.699218999999996,1.4617919999999995,4,3,0.12268871179839826,1.7241040266893024,head_check -> low_motion -> head_check -> low_motion -> acceleration -> crossing_commitment -> acceleration -> crossing_commitment -> acceleration -> deceleration -> crossing_commitment -> acceleration -> deceleration -> crossing_commitment -> deceleration -> crossing_commitment -> deceleration -> crossing_commitment -> low_motion -> head_check -> low_motion -> possible_yielding -> low_motion,success,
1,12,PedNYC1_scenario12,C:\Users\patl5\OneDrive\Desktop\BURE\pednyc_analysis\data\processed\pednyc1\scenario12\decoded_clean_PedNYC1_scenario12.csv,27.435059,pedestrian_movement_onset,11.594727,11.594727,4,low_motion -> acceleration -> crossing -> deceleration,low_motion:0.352;acceleration:14.711;crossing:9.401;deceleration:2.972,13.519532,4,5.858154000000001,2,3.282226999999999,7,11.667236999999997,1.3317869999999985,6,2,0.13003784054268358,1.6169161040016957,head_check -> low_motion -> head_check -> acceleration -> crossing_commitment -> deceleration -> acceleration -> crossing_commitment -> acceleration -> crossing_commitment -> acceleration -> crossing_commitment -> deceleration -> low_motion,success,
1,15,PedNYC1_scenario15,C:\Users\patl5\OneDrive\Desktop\BURE\pednyc_analysis\data\processed\pednyc1\scenario15\decoded_clean_PedNYC1_scenario15.csv,45.156738,pedestrian_movement_onset,0.465332,0.465332,4,low_motion -> acceleration -> crossing -> deceleration,low_motion:0.680;acceleration:24.612;crossing:4.675;deceleration:15.190,25.138428,4,9.322267000000004,2,3.405027999999998,8,23.08398299999999,2.8709714999999982,6,1,0.08464072086965764,1.6615809185910058,head_check -> low_motion -> acceleration -> crossing_commitment -> acceleration -> deceleration -> crossing_commitment -> deceleration -> crossing_commitment -> low_motion -> acceleration -> possible_yielding -> acceleration -> possible_yielding -> low_motion,success,
1,16,PedNYC1_scenario16,C:\Users\patl5\OneDrive\Desktop\BURE\pednyc_analysis\data\processed\pednyc1\scenario16\decoded_clean_PedNYC1_scenario16.csv,32.949463,pedestrian_movement_onset,0.312256,0.312256,4,low_motion -> acceleration -> crossing -> deceleration,low_motion:0.573;acceleration:19.261;crossing:5.017;deceleration:8.097,21.428712,4,4.706543000000001,2,2.422608000000001,8,19.127686,1.6157225000000004,7,0,0.08125513720281288,1.6836638580434582,acceleration -> deceleration -> low_motion -> acceleration -> crossing_commitment -> acceleration -> crossing_commitment -> acceleration -> possible_yielding -> crossing_commitment -> deceleration -> low_motion,success,
1,21,PedNYC1_scenario21,C:\Users\patl5\OneDrive\Desktop\BURE\pednyc_analysis\data\processed\pednyc1\scenario21\decoded_clean_PedNYC1_scenario21.csv,45.867737,pedestrian_movement_onset,11.938721,11.938721,5,low_motion -> acceleration -> crossing -> deceleration -> post_motion,low_motion:7.461;acceleration:1.646;crossing:14.891;deceleration:5.234;post_motion:16.635,28.076966,4,4.785598999999996,2,3.302153999999998,5,26.256486,6.097442999999998,3,1,0.0612216808472765,1.3993939858930178,low_motion -> head_check -> low_motion -> crossing_commitment -> acceleration -> crossing_commitment -> acceleration -> crossing_commitment -> possible_yielding -> deceleration -> crossing_commitment -> acceleration -> crossing_commitment -> acceleration -> crossing_commitment -> deceleration -> possible_yielding -> low_motion,success,
4,3,PedNYC4_scenario3,C:\Users\patl5\OneDrive\Desktop\BURE\pednyc_analysis\data\processed\pednyc4\scenario3\decoded_clean_PedNYC4_scenario3.csv,42.399216,pedestrian_movement_onset,12.834869,12.834869,5,low_motion -> acceleration -> crossing -> deceleration -> post_motion,low_motion:0.760;acceleration:0.586;crossing:19.993;deceleration:14.639;post_motion:6.422,18.111527000000002,5,8.833114000000002,3,2.996215999999997,6,16.229919000000002,1.2223509999999993,4,0,0.530242349292863,1.6522181412920545,low_motion -> acceleration -> low_motion -> acceleration -> crossing_commitment -> deceleration -> crossing_commitment -> acceleration -> crossing_commitment -> acceleration -> crossing_commitment -> deceleration -> acceleration -> possible_yielding -> crossing_commitment -> possible_yielding -> crossing_commitment -> deceleration -> low_motion,success,
4,7,PedNYC4_scenario7,C:\Users\patl5\OneDrive\Desktop\BURE\pednyc_analysis\data\processed\pednyc4\scenario7\decoded_clean_PedNYC4_scenario7.csv,30.212891,pedestrian_movement_onset,0.040833,0.040833,5,low_motion -> acceleration -> crossing -> deceleration -> post_motion,low_motion:0.975;acceleration:0.737;crossing:21.564;deceleration:5.576;post_motion:1.361,5.922575999999998,4,4.833497000000002,1,2.0367130000000024,4,5.0496219999999985,0.8062289999999994,3,2,0.8584518233574087,1.1166213313210838,head_check -> low_motion -> head_check -> acceleration -> crossing_commitment -> acceleration -> crossing_commitment -> possible_yielding -> crossing_commitment -> acceleration -> crossing_commitment -> acceleration -> crossing_commitment -> deceleration -> low_motion,success,
4,12,PedNYC4_scenario12,C:\Users\patl5\OneDrive\Desktop\BURE\pednyc_analysis\data\processed\pednyc4\scenario12\decoded_clean_PedNYC4_scenario12.csv,25.36322,pedestrian_movement_onset,10.530273,10.530273,4,low_motion -> acceleration -> crossing -> deceleration,low_motion:0.656;acceleration:13.714;crossing:8.671;deceleration:2.321,11.671019999999999,4,5.227357000000001,2,2.52478,5,8.364562,1.2920540000000003,3,1,0.1823560492715834,1.4235574234332606,head_check -> low_motion -> acceleration -> crossing_commitment -> acceleration -> crossing_commitment -> acceleration -> crossing_commitment -> acceleration -> deceleration -> crossing_commitment -> deceleration -> low_motion,success,
4,15,PedNYC4_scenario15,C:\Users\patl5\OneDrive\Desktop\BURE\pednyc_analysis\data\processed\pednyc4\scenario15\decoded_clean_PedNYC4_scenario15.csv,42.365845,pedestrian_movement_onset,10.267029,10.267029,5,low_motion -> acceleration -> crossing -> deceleration -> post_motion,low_motion:0.108;acceleration:0.672;crossing:19.397;deceleration:3.199;post_motion:18.990,19.191406,5,6.892700000000004,3,3.5134879999999953,3,17.800720000000005,7.565734999999999,2,0,0.2546106348231518,1.2898142628402047,acceleration -> possible_hesitation -> low_motion -> acceleration -> crossing_commitment -> acceleration -> crossing_commitment -> deceleration -> acceleration -> crossing_commitment -> deceleration -> low_motion -> possible_yielding -> low_motion -> acceleration -> crossing_commitment -> deceleration -> crossing_commitment,success,
4,16,PedNYC4_scenario16,C:\Users\patl5\OneDrive\Desktop\BURE\pednyc_analysis\data\processed\pednyc4\scenario16\decoded_clean_PedNYC4_scenario16.csv,26.846191,pedestrian_movement_onset,12.437256,12.437256,5,low_motion -> acceleration -> crossing -> deceleration -> post_motion,low_motion:0.204;acceleration:1.211;crossing:13.701;deceleration:6.639;post_motion:5.092,12.987303000000002,3,4.722656000000002,1,2.114014000000001,6,10.070801,1.1252440000000001,4,0,0.14474761997096994,0.9890894296498605,low_motion -> possible_hesitation -> acceleration -> low_motion -> acceleration -> crossing_commitment -> possible_yielding -> acceleration -> crossing_commitment -> deceleration -> low_motion,success,
4,21,PedNYC4_scenario21,C:\Users\patl5\OneDrive\Desktop\BURE\pednyc_analysis\data\processed\pednyc4\scenario21\decoded_clean_PedNYC4_scenario21.csv,48.844727,pedestrian_movement_onset,12.880127,12.880127,5,low_motion -> acceleration -> crossing -> deceleration -> post_motion,low_motion:0.905;acceleration:0.567;crossing:25.333;deceleration:8.100;post_motion:13.940,25.005616000000003,8,9.871581999999997,1,0.920653999999999,7,23.268312,3.3208010000000012,5,0,0.14243091614833017,1.270733386293348,low_motion -> acceleration -> low_motion -> acceleration -> crossing_commitment -> acceleration -> crossing_commitment -> acceleration -> deceleration -> crossing_commitment -> acceleration -> crossing_commitment -> possible_yielding -> crossing_commitment -> acceleration -> crossing_commitment -> possible_yielding -> crossing_commitment -> acceleration -> crossing_commitment -> acceleration -> crossing_commitment -> possible_yielding -> low_motion,success,
9,3,PedNYC9_scenario3,C:\Users\patl5\OneDrive\Desktop\BURE\pednyc_analysis\data\processed\pednyc9\scenario3\decoded_clean_PedNYC9_scenario3.csv,35.14624,pedestrian_movement_onset,2.888672,2.888672,5,low_motion -> acceleration -> crossing -> deceleration -> post_motion,low_motion:2.032;acceleration:1.861;crossing:17.434;deceleration:10.338;post_motion:3.480,4.307129000000003,7,11.288574000000004,5,7.511230999999999,5,1.5280760000000007,0.31860400000000055,5,2,0.3452649788630472,1.5995282729249078,low_motion -> head_check -> acceleration -> crossing_commitment -> acceleration -> deceleration -> head_check -> low_motion -> acceleration -> crossing_commitment -> deceleration -> acceleration -> crossing_commitment -> deceleration -> low_motion -> acceleration -> crossing_commitment -> possible_yielding -> crossing_commitment -> deceleration -> crossing_commitment -> deceleration -> acceleration -> crossing_commitment -> low_motion -> acceleration -> crossing_commitment -> low_motion,success,
9,7,PedNYC9_scenario7,C:\Users\patl5\OneDrive\Desktop\BURE\pednyc_analysis\data\processed\pednyc9\scenario7\decoded_clean_PedNYC9_scenario7.csv,31.453003,pedestrian_movement_onset,8.835815,8.835815,5,low_motion -> acceleration -> crossing -> deceleration -> post_motion,low_motion:1.172;acceleration:2.171;crossing:13.208;deceleration:11.190;post_motion:3.713,10.770995999999997,2,4.248413000000001,2,2.2814939999999986,6,7.8721929999999976,0.8052979999999998,6,3,0.6456167859109991,1.402242530317556,head_check -> low_motion -> head_check -> low_motion -> acceleration -> crossing_commitment -> head_check -> deceleration -> crossing_commitment -> acceleration -> crossing_commitment -> possible_yielding -> crossing_commitment -> possible_yielding -> deceleration -> low_motion,success,
9,12,PedNYC9_scenario12,C:\Users\patl5\OneDrive\Desktop\BURE\pednyc_analysis\data\processed\pednyc9\scenario12\decoded_clean_PedNYC9_scenario12.csv,30.413818,pedestrian_movement_onset,11.967285,11.967285,5,low_motion -> acceleration -> crossing -> deceleration -> post_motion,low_motion:0.918;acceleration:1.412;crossing:14.669;deceleration:11.721;post_motion:1.693,10.403318999999998,7,8.872070999999991,2,4.103027000000004,7,6.340821999999998,0.4892580000000013,7,2,0.6274402380392838,1.3905734111606334,head_check -> low_motion -> acceleration -> low_motion -> head_check -> acceleration -> crossing_commitment -> acceleration -> crossing_commitment -> acceleration -> crossing_commitment -> acceleration -> crossing_commitment -> deceleration -> crossing_commitment -> acceleration -> crossing_commitment -> acceleration -> crossing_commitment -> deceleration -> low_motion,success,
9,15,PedNYC9_scenario15,C:\Users\patl5\OneDrive\Desktop\BURE\pednyc_analysis\data\processed\pednyc9\scenario15\decoded_clean_PedNYC9_scenario15.csv,25.093506,pedestrian_movement_onset,7.723389,7.723389,4,low_motion -> acceleration -> crossing -> deceleration,low_motion:0.331;acceleration:0.650;crossing:12.063;deceleration:12.050,6.451905,7,7.6249990000000025,3,3.8225099999999976,4,4.757568,0.9844970000000002,3,1,0.8801898924394486,1.5426984565334392,head_check -> acceleration -> low_motion -> acceleration -> crossing_commitment -> acceleration -> crossing_commitment -> acceleration -> crossing_commitment -> possible_yielding -> crossing_commitment -> acceleration -> crossing_commitment -> deceleration -> crossing_commitment -> acceleration -> deceleration -> acceleration -> crossing_commitment -> deceleration,success,
9,16,PedNYC9_scenario16,C:\Users\patl5\OneDrive\Desktop\BURE\pednyc_analysis\data\processed\pednyc9\scenario16\decoded_clean_PedNYC9_scenario16.csv,21.325928,pedestrian_movement_onset,11.091064,11.091064,4,low_motion -> acceleration -> crossing -> deceleration,low_motion:0.268;acceleration:0.545;crossing:12.753;deceleration:7.760,9.177002,4,5.678711999999999,1,1.9157720000000005,6,6.916017,0.7138675000000001,5,1,0.23509224536783935,1.4565609907150563,low_motion -> head_check -> low_motion -> acceleration -> crossing_commitment -> acceleration -> crossing_commitment -> acceleration -> possible_yielding -> crossing_commitment -> deceleration -> crossing_commitment -> acceleration,success,
9,21,PedNYC9_scenario21,C:\Users\patl5\OneDrive\Desktop\BURE\pednyc_analysis\data\processed\pednyc9\scenario21\decoded_clean_PedNYC9_scenario21.csv,29.541748,pedestrian_movement_onset,9.373291,9.373291,5,low_motion -> acceleration -> crossing -> deceleration -> post_motion,low_motion:0.438;acceleration:1.495;crossing:15.761;deceleration:2.044;post_motion:9.804,8.202759000000002,5,7.166868999999998,5,4.612670999999995,3,6.273072000000001,0.8338630000000009,3,1,0.7837238590155764,1.8142505252366117,low_motion -> head_check -> possible_hesitation -> low_motion -> acceleration -> crossing_commitment -> acceleration -> crossing_commitment -> acceleration -> crossing_commitment -> possible_yielding -> deceleration -> low_motion -> acceleration -> crossing_commitment -> deceleration -> acceleration -> deceleration -> crossing_commitment -> deceleration -> crossing_commitment -> deceleration,success,
22,3,PedNYC22_scenario3,C:\Users\patl5\OneDrive\Desktop\BURE\pednyc_analysis\data\processed\pednyc22\scenario3\decoded_clean_PedNYC22_scenario3.csv,40.902832,pedestrian_movement_onset,10.759033,10.759033,5,low_motion -> acceleration -> crossing -> deceleration -> post_motion,low_motion:0.800;acceleration:0.375;crossing:21.209;deceleration:8.833;post_motion:9.685,19.526854999999998,6,9.250978000000003,3,3.7500010000000046,5,18.277099,3.541748000000002,3,1,0.2044745452067968,1.5405310786994502,low_motion -> head_check -> low_motion -> acceleration -> crossing_commitment -> acceleration -> crossing_commitment -> acceleration -> crossing_commitment -> deceleration -> crossing_commitment -> acceleration -> crossing_commitment -> acceleration -> crossing_commitment -> acceleration -> possible_yielding -> crossing_commitment -> possible_yielding -> deceleration -> crossing_commitment -> deceleration -> low_motion,success,
22,7,PedNYC22_scenario7,C:\Users\patl5\OneDrive\Desktop\BURE\pednyc_analysis\data\processed\pednyc22\scenario7\decoded_clean_PedNYC22_scenario7.csv,52.85376,pedestrian_movement_onset,9.757813,9.757813,5,low_motion -> acceleration -> crossing -> deceleration -> post_motion,low_motion:0.216;acceleration:0.542;crossing:26.043;deceleration:2.292;post_motion:23.761,31.185547,7,9.291992,5,4.583495999999993,18,24.14379999999999,0.5625004999999978,16,2,0.10973092249379605,2.1952762584881174,low_motion -> acceleration -> crossing_commitment -> acceleration -> crossing_commitment -> acceleration -> crossing_commitment -> deceleration -> head_check -> crossing_commitment -> head_check -> acceleration -> crossing_commitment -> deceleration -> acceleration -> deceleration -> crossing_commitment -> deceleration -> crossing_commitment -> acceleration -> deceleration -> possible_yielding -> low_motion -> acceleration -> low_motion -> possible_hesitation -> low_motion,success,
22,12,PedNYC22_scenario12,C:\Users\patl5\OneDrive\Desktop\BURE\pednyc_analysis\data\processed\pednyc22\scenario12\decoded_clean_PedNYC22_scenario12.csv,32.476807,pedestrian_movement_onset,12.512451,12.512451,5,low_motion -> acceleration -> crossing -> deceleration -> post_motion,low_motion:0.929;acceleration:1.375;crossing:15.125;deceleration:11.875;post_motion:3.172,14.726319000000002,5,7.2084959999999985,3,3.291503999999996,5,12.309815000000002,3.0473640000000017,3,2,0.43223005555504035,1.565620546793402,head_check -> low_motion -> head_check -> low_motion -> acceleration -> crossing_commitment -> acceleration -> crossing_commitment -> deceleration -> acceleration -> crossing_commitment -> deceleration -> crossing_commitment -> acceleration -> crossing_commitment -> acceleration -> crossing_commitment -> deceleration -> low_motion,success,
22,15,PedNYC22_scenario15,C:\Users\patl5\OneDrive\Desktop\BURE\pednyc_analysis\data\processed\pednyc22\scenario15\decoded_clean_PedNYC22_scenario15.csv,34.467529,pedestrian_movement_onset,12.341309,12.341309,5,low_motion -> acceleration -> crossing -> deceleration -> post_motion,low_motion:1.591;acceleration:0.375;crossing:15.709;deceleration:15.334;post_motion:1.459,11.667969,4,7.2919920000000005,3,3.291748000000002,10,9.209228000000003,0.6044914999999991,9,1,0.44758633120368535,1.5132348632504156,head_check -> low_motion -> acceleration -> crossing_commitment -> acceleration -> crossing_commitment -> possible_yielding -> acceleration -> crossing_commitment -> deceleration -> crossing_commitment -> deceleration -> crossing_commitment -> acceleration -> crossing_commitment -> deceleration -> low_motion,success,
22,16,PedNYC22_scenario16,C:\Users\patl5\OneDrive\Desktop\BURE\pednyc_analysis\data\processed\pednyc22\scenario16\decoded_clean_PedNYC22_scenario16.csv,33.347412,pedestrian_movement_onset,15.632446,15.632446,5,low_motion -> acceleration -> crossing -> deceleration -> post_motion,low_motion:0.966;acceleration:4.000;crossing:15.709;deceleration:4.792;post_motion:7.881,22.555542,1,2.958373999999999,2,2.3332519999999946,6,19.214841999999997,1.9375609999999988,5,1,0.07100056017479928,1.1675277550212695,low_motion -> head_check -> low_motion -> acceleration -> crossing_commitment -> possible_yielding -> crossing_commitment -> deceleration -> crossing_commitment -> deceleration -> crossing_commitment -> low_motion,success,
22,21,PedNYC22_scenario21,C:\Users\patl5\OneDrive\Desktop\BURE\pednyc_analysis\data\processed\pednyc22\scenario21\decoded_clean_PedNYC22_scenario21.csv,57.195129,pedestrian_movement_onset,18.176453,18.176453,5,low_motion -> acceleration -> crossing -> deceleration -> post_motion,low_motion:2.592;acceleration:0.375;crossing:33.585;deceleration:12.375;post_motion:8.268,32.319458000000004,5,9.166930999999998,2,2.7918090000000007,8,31.111206000000006,3.2962035000000016,6,1,0.08276301850939466,1.2501974805906972,low_motion -> head_check -> low_motion -> acceleration -> crossing_commitment -> possible_yielding -> low_motion -> acceleration -> crossing_commitment -> deceleration -> crossing_commitment -> acceleration -> crossing_commitment -> acceleration -> crossing_commitment -> acceleration -> crossing_commitment -> deceleration -> low_motion,success,
25,3,PedNYC25_scenario3,C:\Users\patl5\OneDrive\Desktop\BURE\pednyc_analysis\data\processed\pednyc25\scenario3\decoded_clean_PedNYC25_scenario3.csv,52.192871,pedestrian_movement_onset,5.382324,5.382324,5,low_motion -> acceleration -> crossing -> deceleration -> post_motion,low_motion:0.257;acceleration:3.583;crossing:22.251;deceleration:5.375;post_motion:20.726,28.275389999999987,6,8.167115000000003,5,5.416748000000002,12,23.775512,1.2083739999999992,10,4,0.1237563859864587,2.2591437749029137,low_motion -> head_check -> low_motion -> acceleration -> crossing_commitment -> low_motion -> head_check -> low_motion -> possible_hesitation -> low_motion -> possible_hesitation -> low_motion -> acceleration -> crossing_commitment -> deceleration -> crossing_commitment -> acceleration -> head_check -> acceleration -> crossing_commitment -> deceleration -> acceleration -> deceleration -> crossing_commitment -> deceleration -> acceleration -> crossing_commitment -> possible_yielding -> deceleration -> possible_yielding -> low_motion -> head_check -> low_motion,success,
25,7,PedNYC25_scenario7,C:\Users\patl5\OneDrive\Desktop\BURE\pednyc_analysis\data\processed\pednyc25\scenario7\decoded_clean_PedNYC25_scenario7.csv,36.983887,pedestrian_movement_onset,11.883057,11.883057,5,low_motion -> acceleration -> crossing -> deceleration -> post_motion,low_motion:0.049;acceleration:3.333;crossing:15.417;deceleration:10.750;post_motion:7.433,16.024659000000007,2,4.916991999999999,2,2.4169920000000005,6,13.183594000000003,0.9999999999999999,5,3,0.21514789514978244,1.752207654711555,head_check -> low_motion -> head_check -> possible_hesitation -> low_motion -> acceleration -> crossing_commitment -> deceleration -> acceleration -> crossing_commitment -> deceleration -> crossing_commitment -> possible_yielding -> low_motion -> head_check,success,
25,15,PedNYC25_scenario15,C:\Users\patl5\OneDrive\Desktop\BURE\pednyc_analysis\data\processed\pednyc25\scenario15\decoded_clean_PedNYC25_scenario15.csv,44.220612,pedestrian_movement_onset,13.340088,13.340088,5,low_motion -> acceleration -> crossing -> deceleration -> post_motion,low_motion:1.340;acceleration:1.500;crossing:19.542;deceleration:6.834;post_motion:15.005,27.213776,7,7.7918100000000035,2,1.5899050000000003,13,21.172028000000005,0.791686999999996,12,0,0.10266412857194505,1.6695637179486462,deceleration -> low_motion -> acceleration -> crossing_commitment -> acceleration -> crossing_commitment -> acceleration -> crossing_commitment -> acceleration -> crossing_commitment -> deceleration -> acceleration -> crossing_commitment -> acceleration -> possible_yielding -> acceleration -> possible_yielding -> crossing_commitment -> possible_yielding -> low_motion,success,
25,16,PedNYC25_scenario16,C:\Users\patl5\OneDrive\Desktop\BURE\pednyc_analysis\data\processed\pednyc25\scenario16\decoded_clean_PedNYC25_scenario16.csv,36.386719,pedestrian_movement_onset,17.552734,17.552734,5,low_motion -> acceleration -> crossing -> deceleration -> post_motion,low_motion:0.302;acceleration:3.458;crossing:16.167;deceleration:10.209;post_motion:6.250,20.302734,5,7.041991999999997,1,2.4167479999999983,11,16.010986000000003,0.8332519999999999,9,2,0.11586514887957494,1.5265791807050477,head_check -> low_motion -> head_check -> low_motion -> possible_hesitation -> low_motion -> acceleration -> crossing_commitment -> acceleration -> crossing_commitment -> possible_yielding -> acceleration -> crossing_commitment -> acceleration -> crossing_commitment -> deceleration -> crossing_commitment -> low_motion -> acceleration -> low_motion,success,
25,21,PedNYC25_scenario21,C:\Users\patl5\OneDrive\Desktop\BURE\pednyc_analysis\data\processed\pednyc25\scenario21\decoded_clean_PedNYC25_scenario21.csv,46.727905,pedestrian_movement_onset,14.881958,14.881958,5,low_motion -> acceleration -> crossing -> deceleration -> post_motion,low_motion:0.548;acceleration:1.833;crossing:21.001;deceleration:1.958;post_motion:21.387,24.56018,4,7.791992000000002,2,2.8751220000000046,10,19.875487999999997,0.9791260000000008,10,1,0.12705952353140068,1.6085522486631172,low_motion -> acceleration -> crossing_commitment -> possible_yielding -> crossing_commitment -> deceleration -> head_check -> possible_yielding -> acceleration -> crossing_commitment -> possible_yielding -> deceleration -> low_motion -> acceleration -> low_motion -> acceleration -> low_motion,success,
