pednyc_number,scenario_number,recording_identifier,source_csv_path,availability_status,processing_status,failure_exclusion_reason
1,3,PedNYC1_scenario3,C:\Users\patl5\OneDrive\Desktop\BURE\pednyc_analysis\data\processed\pednyc1\scenario3\decoded_clean_PedNYC1_scenario3.csv,available,success,
1,7,PedNYC1_scenario7,C:\Users\patl5\OneDrive\Desktop\BURE\pednyc_analysis\data\processed\pednyc1\scenario7\decoded_clean_PedNYC1_scenario7.csv,available,success,
1,12,PedNYC1_scenario12,C:\Users\patl5\OneDrive\Desktop\BURE\pednyc_analysis\data\processed\pednyc1\scenario12\decoded_clean_PedNYC1_scenario12.csv,available,success,
1,15,PedNYC1_scenario15,C:\Users\patl5\OneDrive\Desktop\BURE\pednyc_analysis\data\processed\pednyc1\scenario15\decoded_clean_PedNYC1_scenario15.csv,available,success,
1,16,PedNYC1_scenario16,C:\Users\patl5\OneDrive\Desktop\BURE\pednyc_analysis\data\processed\pednyc1\scenario16\decoded_clean_PedNYC1_scenario16.csv,available,success,
1,21,PedNYC1_scenario21,C:\Users\patl5\OneDrive\Desktop\BURE\pednyc_analysis\data\processed\pednyc1\scenario21\decoded_clean_PedNYC1_scenario21.csv,available,success,
2,3,PedNYC2_scenario3,C:\Users\patl5\OneDrive\Desktop\BURE\pednyc_analysis\data\processed\pednyc2\scenario3\decoded_clean_PedNYC2_scenario3.csv,available,success,
2,7,PedNYC2_scenario7,C:\Users\patl5\OneDrive\Desktop\BURE\pednyc_analysis\data\processed\pednyc2\scenario7\decoded_clean_PedNYC2_scenario7.csv,available,success,
2,12,PedNYC2_scenario12,C:\Users\patl5\OneDrive\Desktop\BURE\pednyc_analysis\data\processed\pednyc2\scenario12\decoded_clean_PedNYC2_scenario12.csv,available,success,
2,15,PedNYC2_scenario15,C:\Users\patl5\OneDrive\Desktop\BURE\pednyc_analysis\data\processed\pednyc2\scenario15\decoded_clean_PedNYC2_scenario15.csv,available,success,
2,16,PedNYC2_scenario16,C:\Users\patl5\OneDrive\Desktop\BURE\pednyc_analysis\data\processed\pednyc2\scenario16\decoded_clean_PedNYC2_scenario16.csv,available,success,
2,21,PedNYC2_scenario21,C:\Users\patl5\OneDrive\Desktop\BURE\pednyc_analysis\data\processed\pednyc2\scenario21\decoded_clean_PedNYC2_scenario21.csv,available,success,
3,3,PedNYC3_scenario3,C:\Users\patl5\OneDrive\Desktop\BURE\pednyc_analysis\data\processed\pednyc3\scenario3\decoded_clean_PedNYC3_scenario3.csv,available,success,
3,7,PedNYC3_scenario7,C:\Users\patl5\OneDrive\Desktop\BURE\pednyc_analysis\data\processed\pednyc3\scenario7\decoded_clean_PedNYC3_scenario7.csv,available,success,
3,12,PedNYC3_scenario12,C:\Users\patl5\OneDrive\Desktop\BURE\pednyc_analysis\data\processed\pednyc3\scenario12\decoded_clean_PedNYC3_scenario12.csv,available,success,
3,15,PedNYC3_scenario15,C:\Users\patl5\OneDrive\Desktop\BURE\pednyc_analysis\data\processed\pednyc3\scenario15\decoded_clean_PedNYC3_scenario15.csv,available,success,
3,16,PedNYC3_scenario16,C:\Users\patl5\OneDrive\Desktop\BURE\pednyc_analysis\data\processed\pednyc3\scenario16\decoded_clean_PedNYC3_scenario16.csv,available,success,
3,21,PedNYC3_scenario21,C:\Users\patl5\OneDrive\Desktop\BURE\pednyc_analysis\data\processed\pednyc3\scenario21\decoded_clean_PedNYC3_scenario21.csv,available,success,
4,3,PedNYC4_scenario3,C:\Users\patl5\OneDrive\Desktop\BURE\pednyc_analysis\data\processed\pednyc4\scenario3\decoded_clean_PedNYC4_scenario3.csv,available,success,
4,7,PedNYC4_scenario7,C:\Users\patl5\OneDrive\Desktop\BURE\pednyc_analysis\data\processed\pednyc4\scenario7\decoded_clean_PedNYC4_scenario7.csv,available,success,
4,12,PedNYC4_scenario12,C:\Users\patl5\OneDrive\Desktop\BURE\pednyc_analysis\data\processed\pednyc4\scenario12\decoded_clean_PedNYC4_scenario12.csv,available,success,
4,15,PedNYC4_scenario15,C:\Users\patl5\OneDrive\Desktop\BURE\pednyc_analysis\data\processed\pednyc4\scenario15\decoded_clean_PedNYC4_scenario15.csv,available,success,
4,16,PedNYC4_scenario16,C:\Users\patl5\OneDrive\Desktop\BURE\pednyc_analysis\data\processed\pednyc4\scenario16\decoded_clean_PedNYC4_scenario16.csv,available,success,
4,21,PedNYC4_scenario21,C:\Users\patl5\OneDrive\Desktop\BURE\pednyc_analysis\data\processed\pednyc4\scenario21\decoded_clean_PedNYC4_scenario21.csv,available,success,
5,3,PedNYC5_scenario3,C:\Users\patl5\OneDrive\Desktop\BURE\pednyc_analysis\data\processed\pednyc5\scenario3\decoded_clean_PedNYC5_scenario3.csv,available,success,
5,7,PedNYC5_scenario7,C:\Users\patl5\OneDrive\Desktop\BURE\pednyc_analysis\data\processed\pednyc5\scenario7\decoded_clean_PedNYC5_scenario7.csv,available,success,
5,12,PedNYC5_scenario12,C:\Users\patl5\OneDrive\Desktop\BURE\pednyc_analysis\data\processed\pednyc5\scenario12\decoded_clean_PedNYC5_scenario12.csv,available,success,
5,15,PedNYC5_scenario15,C:\Users\patl5\OneDrive\Desktop\BURE\pednyc_analysis\data\processed\pednyc5\scenario15\decoded_clean_PedNYC5_scenario15.csv,available,success,
5,16,PedNYC5_scenario16,C:\Users\patl5\OneDrive\Desktop\BURE\pednyc_analysis\data\processed\pednyc5\scenario16\decoded_clean_PedNYC5_scenario16.csv,available,success,
5,21,PedNYC5_scenario21,C:\Users\patl5\OneDrive\Desktop\BURE\pednyc_analysis\data\processed\pednyc5\scenario21\decoded_clean_PedNYC5_scenario21.csv,available,success,
6,3,,,missing,not_applicable,No decoded CSV found in inventory
6,7,PedNYC6_scenario7,C:\Users\patl5\OneDrive\Desktop\BURE\pednyc_analysis\data\processed\pednyc6\scenario7\decoded_clean_PedNYC6_scenario7.csv,available,success,
6,12,,,missing,not_applicable,No decoded CSV found in inventory
6,15,PedNYC6_scenario15_CSV_Scenario_Ped_15_Session_temp_2024_03_01_11_47_13_decoded,C:\Users\patl5\OneDrive\Desktop\BURE\pednyc_analysis\data\processed\pednyc6\scenario15\CSV_Scenario-Ped-15_Session-temp_2024-03-01-11-47-13_decoded.csv,available,success,
6,15,PedNYC6_scenario15_CSV_Scenario_Ped_15_Session_temp_2024_03_01_11_48_06_decoded,C:\Users\patl5\OneDrive\Desktop\BURE\pednyc_analysis\data\processed\pednyc6\scenario15\CSV_Scenario-Ped-15_Session-temp_2024-03-01-11-48-06_decoded.csv,available,success,
6,15,PedNYC6_scenario15_CSV_Scenario_Ped_15_Session_temp_2024_03_01_11_52_52_decoded,C:\Users\patl5\OneDrive\Desktop\BURE\pednyc_analysis\data\processed\pednyc6\scenario15\CSV_Scenario-Ped-15_Session-temp_2024-03-01-11-52-52_decoded.csv,available,success,
6,16,,,missing,not_applicable,No decoded CSV found in inventory
6,21,PedNYC6_scenario21_CSV_Scenario_Ped_21_Session_temp_2024_03_01_11_17_48_decoded,C:\Users\patl5\OneDrive\Desktop\BURE\pednyc_analysis\data\processed\pednyc6\scenario21\CSV_Scenario-Ped-21_Session-temp_2024-03-01-11-17-48_decoded.csv,available,success,
6,21,PedNYC6_scenario21_CSV_Scenario_Ped_21_Session_temp_2024_03_01_11_18_30_decoded,C:\Users\patl5\OneDrive\Desktop\BURE\pednyc_analysis\data\processed\pednyc6\scenario21\CSV_Scenario-Ped-21_Session-temp_2024-03-01-11-18-30_decoded.csv,available,success,
7,3,PedNYC7_scenario3,C:\Users\patl5\OneDrive\Desktop\BURE\pednyc_analysis\data\processed\pednyc7\scenario3\decoded_clean_PedNYC7_scenario3.csv,available,success,
7,7,PedNYC7_scenario7,C:\Users\patl5\OneDrive\Desktop\BURE\pednyc_analysis\data\processed\pednyc7\scenario7\decoded_clean_PedNYC7_scenario7.csv,available,success,
7,12,PedNYC7_scenario12_CSV_Scenario_Ped_12_Session_temp_2024_03_01_15_26_15_decoded,C:\Users\patl5\OneDrive\Desktop\BURE\pednyc_analysis\data\processed\pednyc7\scenario12\CSV_Scenario-Ped-12_Session-temp_2024-03-01-15-26-15_decoded.csv,available,success,
7,12,PedNYC7_scenario12_CSV_Scenario_Ped_12_Session_temp_2024_03_01_15_27_41_decoded,C:\Users\patl5\OneDrive\Desktop\BURE\pednyc_analysis\data\processed\pednyc7\scenario12\CSV_Scenario-Ped-12_Session-temp_2024-03-01-15-27-41_decoded.csv,available,success,
7,15,PedNYC7_scenario15,C:\Users\patl5\OneDrive\Desktop\BURE\pednyc_analysis\data\processed\pednyc7\scenario15\decoded_clean_PedNYC7_scenario15.csv,available,success,
7,16,PedNYC7_scenario16,C:\Users\patl5\OneDrive\Desktop\BURE\pednyc_analysis\data\processed\pednyc7\scenario16\decoded_clean_PedNYC7_scenario16.csv,available,success,
7,21,PedNYC7_scenario21,C:\Users\patl5\OneDrive\Desktop\BURE\pednyc_analysis\data\processed\pednyc7\scenario21\decoded_clean_PedNYC7_scenario21.csv,available,success,
8,3,PedNYC8_scenario3,C:\Users\patl5\OneDrive\Desktop\BURE\pednyc_analysis\data\processed\pednyc8\scenario3\decoded_clean_PedNYC8_scenario3.csv,available,success,
8,7,PedNYC8_scenario7,C:\Users\patl5\OneDrive\Desktop\BURE\pednyc_analysis\data\processed\pednyc8\scenario7\decoded_clean_PedNYC8_scenario7.csv,available,success,
8,12,PedNYC8_scenario12,C:\Users\patl5\OneDrive\Desktop\BURE\pednyc_analysis\data\processed\pednyc8\scenario12\decoded_clean_PedNYC8_scenario12.csv,available,success,
8,15,PedNYC8_scenario15,C:\Users\patl5\OneDrive\Desktop\BURE\pednyc_analysis\data\processed\pednyc8\scenario15\decoded_clean_PedNYC8_scenario15.csv,available,success,
8,16,PedNYC8_scenario16,C:\Users\patl5\OneDrive\Desktop\BURE\pednyc_analysis\data\processed\pednyc8\scenario16\decoded_clean_PedNYC8_scenario16.csv,available,success,
8,21,PedNYC8_scenario21,C:\Users\patl5\OneDrive\Desktop\BURE\pednyc_analysis\data\processed\pednyc8\scenario21\decoded_clean_PedNYC8_scenario21.csv,available,failed,"ValueError: validation failed: {'valid': False, 'row_count': 905, 'column_count': 3, 'missing_required': ['time', 'ped_x', 'ped_z', 'veh_x', 'veh_z'], 'empty_required': [], 'duplicate_columns': []}"
9,3,PedNYC9_scenario3,C:\Users\patl5\OneDrive\Desktop\BURE\pednyc_analysis\data\processed\pednyc9\scenario3\decoded_clean_PedNYC9_scenario3.csv,available,success,
9,7,PedNYC9_scenario7,C:\Users\patl5\OneDrive\Desktop\BURE\pednyc_analysis\data\processed\pednyc9\scenario7\decoded_clean_PedNYC9_scenario7.csv,available,success,
9,12,PedNYC9_scenario12,C:\Users\patl5\OneDrive\Desktop\BURE\pednyc_analysis\data\processed\pednyc9\scenario12\decoded_clean_PedNYC9_scenario12.csv,available,success,
9,15,PedNYC9_scenario15,C:\Users\patl5\OneDrive\Desktop\BURE\pednyc_analysis\data\processed\pednyc9\scenario15\decoded_clean_PedNYC9_scenario15.csv,available,success,
9,16,PedNYC9_scenario16,C:\Users\patl5\OneDrive\Desktop\BURE\pednyc_analysis\data\processed\pednyc9\scenario16\decoded_clean_PedNYC9_scenario16.csv,available,success,
9,21,PedNYC9_scenario21,C:\Users\patl5\OneDrive\Desktop\BURE\pednyc_analysis\data\processed\pednyc9\scenario21\decoded_clean_PedNYC9_scenario21.csv,available,success,
10,3,PedNYC10_scenario3,C:\Users\patl5\OneDrive\Desktop\BURE\pednyc_analysis\data\processed\pednyc10\scenario3\decoded_clean_PedNYC10_scenario3.csv,available,success,
10,7,PedNYC10_scenario7,C:\Users\patl5\OneDrive\Desktop\BURE\pednyc_analysis\data\processed\pednyc10\scenario7\decoded_clean_PedNYC10_scenario7.csv,available,success,
10,12,PedNYC10_scenario12,C:\Users\patl5\OneDrive\Desktop\BURE\pednyc_analysis\data\processed\pednyc10\scenario12\decoded_clean_PedNYC10_scenario12.csv,available,failed,"ValueError: validation failed: {'valid': False, 'row_count': 665, 'column_count': 3, 'missing_required': ['time', 'ped_x', 'ped_z', 'veh_x', 'veh_z'], 'empty_required': [], 'duplicate_columns': []}"
10,15,,,missing,not_applicable,No decoded CSV found in inventory
10,16,PedNYC10_scenario16,C:\Users\patl5\OneDrive\Desktop\BURE\pednyc_analysis\data\processed\pednyc10\scenario16\decoded_clean_PedNYC10_scenario16.csv,available,success,
10,21,PedNYC10_scenario21,C:\Users\patl5\OneDrive\Desktop\BURE\pednyc_analysis\data\processed\pednyc10\scenario21\decoded_clean_PedNYC10_scenario21.csv,available,failed,"ValueError: validation failed: {'valid': False, 'row_count': 967, 'column_count': 3, 'missing_required': ['time', 'ped_x', 'ped_z', 'veh_x', 'veh_z'], 'empty_required': [], 'duplicate_columns': []}"
11,3,PedNYC11_scenario3,C:\Users\patl5\OneDrive\Desktop\BURE\pednyc_analysis\data\processed\pednyc11\scenario3\decoded_clean_PedNYC11_scenario3.csv,available,success,
11,7,PedNYC11_scenario7,C:\Users\patl5\OneDrive\Desktop\BURE\pednyc_analysis\data\processed\pednyc11\scenario7\decoded_clean_PedNYC11_scenario7.csv,available,success,
11,12,PedNYC11_scenario12,C:\Users\patl5\OneDrive\Desktop\BURE\pednyc_analysis\data\processed\pednyc11\scenario12\decoded_clean_PedNYC11_scenario12.csv,available,success,
11,15,PedNYC11_scenario15,C:\Users\patl5\OneDrive\Desktop\BURE\pednyc_analysis\data\processed\pednyc11\scenario15\decoded_clean_PedNYC11_scenario15.csv,available,success,
11,16,PedNYC11_scenario16,C:\Users\patl5\OneDrive\Desktop\BURE\pednyc_analysis\data\processed\pednyc11\scenario16\decoded_clean_PedNYC11_scenario16.csv,available,success,
11,21,PedNYC11_scenario21,C:\Users\patl5\OneDrive\Desktop\BURE\pednyc_analysis\data\processed\pednyc11\scenario21\decoded_clean_PedNYC11_scenario21.csv,available,success,
12,3,PedNYC12_scenario3,C:\Users\patl5\OneDrive\Desktop\BURE\pednyc_analysis\data\processed\pednyc12\scenario3\decoded_clean_PedNYC12_scenario3.csv,available,success,
12,7,PedNYC12_scenario7,C:\Users\patl5\OneDrive\Desktop\BURE\pednyc_analysis\data\processed\pednyc12\scenario7\decoded_clean_PedNYC12_scenario7.csv,available,success,
12,12,PedNYC12_scenario12,C:\Users\patl5\OneDrive\Desktop\BURE\pednyc_analysis\data\processed\pednyc12\scenario12\decoded_clean_PedNYC12_scenario12.csv,available,success,
12,15,PedNYC12_scenario15,C:\Users\patl5\OneDrive\Desktop\BURE\pednyc_analysis\data\processed\pednyc12\scenario15\decoded_clean_PedNYC12_scenario15.csv,available,success,
12,16,PedNYC12_scenario16,C:\Users\patl5\OneDrive\Desktop\BURE\pednyc_analysis\data\processed\pednyc12\scenario16\decoded_clean_PedNYC12_scenario16.csv,available,success,
12,21,PedNYC12_scenario21,C:\Users\patl5\OneDrive\Desktop\BURE\pednyc_analysis\data\processed\pednyc12\scenario21\decoded_clean_PedNYC12_scenario21.csv,available,success,
13,3,PedNYC13_scenario3,C:\Users\patl5\OneDrive\Desktop\BURE\pednyc_analysis\data\processed\pednyc13\scenario3\decoded_clean_PedNYC13_scenario3.csv,available,success,
13,7,PedNYC13_scenario7,C:\Users\patl5\OneDrive\Desktop\BURE\pednyc_analysis\data\processed\pednyc13\scenario7\decoded_clean_PedNYC13_scenario7.csv,available,success,
13,12,PedNYC13_scenario12,C:\Users\patl5\OneDrive\Desktop\BURE\pednyc_analysis\data\processed\pednyc13\scenario12\decoded_clean_PedNYC13_scenario12.csv,available,success,
13,15,PedNYC13_scenario15,C:\Users\patl5\OneDrive\Desktop\BURE\pednyc_analysis\data\processed\pednyc13\scenario15\decoded_clean_PedNYC13_scenario15.csv,available,success,
13,16,PedNYC13_scenario16,C:\Users\patl5\OneDrive\Desktop\BURE\pednyc_analysis\data\processed\pednyc13\scenario16\decoded_clean_PedNYC13_scenario16.csv,available,success,
13,21,PedNYC13_scenario21,C:\Users\patl5\OneDrive\Desktop\BURE\pednyc_analysis\data\processed\pednyc13\scenario21\decoded_clean_PedNYC13_scenario21.csv,available,success,
15,3,PedNYC15_scenario3,C:\Users\patl5\OneDrive\Desktop\BURE\pednyc_analysis\data\processed\pednyc15\scenario3\decoded_clean_PedNYC15_scenario3.csv,available,success,
15,7,,,missing,not_applicable,No decoded CSV found in inventory
15,12,PedNYC15_scenario12,C:\Users\patl5\OneDrive\Desktop\BURE\pednyc_analysis\data\processed\pednyc15\scenario12\decoded_clean_PedNYC15_scenario12.csv,available,success,
15,15,PedNYC15_scenario15,C:\Users\patl5\OneDrive\Desktop\BURE\pednyc_analysis\data\processed\pednyc15\scenario15\decoded_clean_PedNYC15_scenario15.csv,available,success,
15,16,PedNYC15_scenario16,C:\Users\patl5\OneDrive\Desktop\BURE\pednyc_analysis\data\processed\pednyc15\scenario16\decoded_clean_PedNYC15_scenario16.csv,available,success,
15,21,,,missing,not_applicable,No decoded CSV found in inventory
16,3,PedNYC16_scenario3,C:\Users\patl5\OneDrive\Desktop\BURE\pednyc_analysis\data\processed\pednyc16\scenario3\decoded_clean_PedNYC16_scenario3.csv,available,success,
16,7,PedNYC16_scenario7,C:\Users\patl5\OneDrive\Desktop\BURE\pednyc_analysis\data\processed\pednyc16\scenario7\decoded_clean_PedNYC16_scenario7.csv,available,failed,"ValueError: validation failed: {'valid': False, 'row_count': 867, 'column_count': 3, 'missing_required': ['time', 'ped_x', 'ped_z', 'veh_x', 'veh_z'], 'empty_required': [], 'duplicate_columns': []}"
16,12,PedNYC16_scenario12,C:\Users\patl5\OneDrive\Desktop\BURE\pednyc_analysis\data\processed\pednyc16\scenario12\decoded_clean_PedNYC16_scenario12.csv,available,success,
16,15,PedNYC16_scenario15,C:\Users\patl5\OneDrive\Desktop\BURE\pednyc_analysis\data\processed\pednyc16\scenario15\decoded_clean_PedNYC16_scenario15.csv,available,success,
16,16,PedNYC16_scenario16_CSV_Scenario_Ped_16_Session_temp_2024_03_14_17_07_34_decoded,C:\Users\patl5\OneDrive\Desktop\BURE\pednyc_analysis\data\processed\pednyc16\scenario16\CSV_Scenario-Ped-16_Session-temp_2024-03-14-17-07-34_decoded.csv,available,success,
16,16,PedNYC16_scenario16_CSV_Scenario_Ped_16_Session_temp_2024_03_14_17_08_25_decoded,C:\Users\patl5\OneDrive\Desktop\BURE\pednyc_analysis\data\processed\pednyc16\scenario16\CSV_Scenario-Ped-16_Session-temp_2024-03-14-17-08-25_decoded.csv,available,success,
16,21,PedNYC16_scenario21_CSV_Scenario_Ped_21_Session_temp_2024_03_14_17_39_35_decoded,C:\Users\patl5\OneDrive\Desktop\BURE\pednyc_analysis\data\processed\pednyc16\scenario21\CSV_Scenario-Ped-21_Session-temp_2024-03-14-17-39-35_decoded.csv,available,success,
16,21,PedNYC16_scenario21_CSV_Scenario_Ped_21_Session_temp_2024_03_14_17_40_50_decoded,C:\Users\patl5\OneDrive\Desktop\BURE\pednyc_analysis\data\processed\pednyc16\scenario21\CSV_Scenario-Ped-21_Session-temp_2024-03-14-17-40-50_decoded.csv,available,success,
17,3,PedNYC17_scenario3,C:\Users\patl5\OneDrive\Desktop\BURE\pednyc_analysis\data\processed\pednyc17\scenario3\decoded_clean_PedNYC17_scenario3.csv,available,success,
17,7,PedNYC17_scenario7,C:\Users\patl5\OneDrive\Desktop\BURE\pednyc_analysis\data\processed\pednyc17\scenario7\decoded_clean_PedNYC17_scenario7.csv,available,success,
17,12,PedNYC17_scenario12,C:\Users\patl5\OneDrive\Desktop\BURE\pednyc_analysis\data\processed\pednyc17\scenario12\decoded_clean_PedNYC17_scenario12.csv,available,failed,"ValueError: validation failed: {'valid': False, 'row_count': 771, 'column_count': 3, 'missing_required': ['time', 'ped_x', 'ped_z', 'veh_x', 'veh_z'], 'empty_required': [], 'duplicate_columns': []}"
17,15,PedNYC17_scenario15,C:\Users\patl5\OneDrive\Desktop\BURE\pednyc_analysis\data\processed\pednyc17\scenario15\decoded_clean_PedNYC17_scenario15.csv,available,success,
17,16,PedNYC17_scenario16,C:\Users\patl5\OneDrive\Desktop\BURE\pednyc_analysis\data\processed\pednyc17\scenario16\decoded_clean_PedNYC17_scenario16.csv,available,success,
17,21,PedNYC17_scenario21,C:\Users\patl5\OneDrive\Desktop\BURE\pednyc_analysis\data\processed\pednyc17\scenario21\decoded_clean_PedNYC17_scenario21.csv,available,success,
18,3,,,missing,not_applicable,No decoded CSV found in inventory
18,7,PedNYC18_scenario7,C:\Users\patl5\OneDrive\Desktop\BURE\pednyc_analysis\data\processed\pednyc18\scenario7\decoded_clean_PedNYC18_scenario7.csv,available,success,
18,12,PedNYC18_scenario12,C:\Users\patl5\OneDrive\Desktop\BURE\pednyc_analysis\data\processed\pednyc18\scenario12\decoded_clean_PedNYC18_scenario12.csv,available,success,
18,15,,,missing,not_applicable,No decoded CSV found in inventory
18,16,,,missing,not_applicable,No decoded CSV found in inventory
18,21,PedNYC18_scenario21,C:\Users\patl5\OneDrive\Desktop\BURE\pednyc_analysis\data\processed\pednyc18\scenario21\decoded_clean_PedNYC18_scenario21.csv,available,success,
19,3,PedNYC19_scenario3,C:\Users\patl5\OneDrive\Desktop\BURE\pednyc_analysis\data\processed\pednyc19\scenario3\decoded_clean_PedNYC19_scenario3.csv,available,success,
19,7,PedNYC19_scenario7,C:\Users\patl5\OneDrive\Desktop\BURE\pednyc_analysis\data\processed\pednyc19\scenario7\decoded_clean_PedNYC19_scenario7.csv,available,success,
19,12,PedNYC19_scenario12,C:\Users\patl5\OneDrive\Desktop\BURE\pednyc_analysis\data\processed\pednyc19\scenario12\decoded_clean_PedNYC19_scenario12.csv,available,success,
19,15,PedNYC19_scenario15,C:\Users\patl5\OneDrive\Desktop\BURE\pednyc_analysis\data\processed\pednyc19\scenario15\decoded_clean_PedNYC19_scenario15.csv,available,success,
19,16,PedNYC19_scenario16,C:\Users\patl5\OneDrive\Desktop\BURE\pednyc_analysis\data\processed\pednyc19\scenario16\decoded_clean_PedNYC19_scenario16.csv,available,success,
19,21,PedNYC19_scenario21,C:\Users\patl5\OneDrive\Desktop\BURE\pednyc_analysis\data\processed\pednyc19\scenario21\decoded_clean_PedNYC19_scenario21.csv,available,success,
20,3,,,missing,not_applicable,No decoded CSV found in inventory
20,7,,,missing,not_applicable,No decoded CSV found in inventory
20,12,PedNYC20_scenario12,C:\Users\patl5\OneDrive\Desktop\BURE\pednyc_analysis\data\processed\pednyc20\scenario12\decoded_clean_PedNYC20_scenario12.csv,available,success,
20,15,PedNYC20_scenario15,C:\Users\patl5\OneDrive\Desktop\BURE\pednyc_analysis\data\processed\pednyc20\scenario15\decoded_clean_PedNYC20_scenario15.csv,available,success,
20,16,PedNYC20_scenario16,C:\Users\patl5\OneDrive\Desktop\BURE\pednyc_analysis\data\processed\pednyc20\scenario16\decoded_clean_PedNYC20_scenario16.csv,available,success,
20,21,PedNYC20_scenario21,C:\Users\patl5\OneDrive\Desktop\BURE\pednyc_analysis\data\processed\pednyc20\scenario21\decoded_clean_PedNYC20_scenario21.csv,available,success,
21,3,PedNYC21_scenario3,C:\Users\patl5\OneDrive\Desktop\BURE\pednyc_analysis\data\processed\pednyc21\scenario3\decoded_clean_PedNYC21_scenario3.csv,available,success,
21,7,PedNYC21_scenario7,C:\Users\patl5\OneDrive\Desktop\BURE\pednyc_analysis\data\processed\pednyc21\scenario7\decoded_clean_PedNYC21_scenario7.csv,available,success,
21,12,PedNYC21_scenario12,C:\Users\patl5\OneDrive\Desktop\BURE\pednyc_analysis\data\processed\pednyc21\scenario12\decoded_clean_PedNYC21_scenario12.csv,available,success,
21,15,,,missing,not_applicable,No decoded CSV found in inventory
21,16,,,missing,not_applicable,No decoded CSV found in inventory
21,21,PedNYC21_scenario21,C:\Users\patl5\OneDrive\Desktop\BURE\pednyc_analysis\data\processed\pednyc21\scenario21\decoded_clean_PedNYC21_scenario21.csv,available,failed,Excluded: smoothed pedestrian speed exceeds configured 8 m/s spike threshold
22,3,PedNYC22_scenario3,C:\Users\patl5\OneDrive\Desktop\BURE\pednyc_analysis\data\processed\pednyc22\scenario3\decoded_clean_PedNYC22_scenario3.csv,available,success,
22,7,PedNYC22_scenario7,C:\Users\patl5\OneDrive\Desktop\BURE\pednyc_analysis\data\processed\pednyc22\scenario7\decoded_clean_PedNYC22_scenario7.csv,available,success,
22,12,PedNYC22_scenario12,C:\Users\patl5\OneDrive\Desktop\BURE\pednyc_analysis\data\processed\pednyc22\scenario12\decoded_clean_PedNYC22_scenario12.csv,available,success,
22,15,PedNYC22_scenario15,C:\Users\patl5\OneDrive\Desktop\BURE\pednyc_analysis\data\processed\pednyc22\scenario15\decoded_clean_PedNYC22_scenario15.csv,available,success,
22,16,PedNYC22_scenario16,C:\Users\patl5\OneDrive\Desktop\BURE\pednyc_analysis\data\processed\pednyc22\scenario16\decoded_clean_PedNYC22_scenario16.csv,available,success,
22,21,PedNYC22_scenario21,C:\Users\patl5\OneDrive\Desktop\BURE\pednyc_analysis\data\processed\pednyc22\scenario21\decoded_clean_PedNYC22_scenario21.csv,available,success,
23,3,PedNYC23_scenario3,C:\Users\patl5\OneDrive\Desktop\BURE\pednyc_analysis\data\processed\pednyc23\scenario3\decoded_clean_PedNYC23_scenario3.csv,available,success,
23,7,PedNYC23_scenario7,C:\Users\patl5\OneDrive\Desktop\BURE\pednyc_analysis\data\processed\pednyc23\scenario7\decoded_clean_PedNYC23_scenario7.csv,available,success,
23,12,PedNYC23_scenario12,C:\Users\patl5\OneDrive\Desktop\BURE\pednyc_analysis\data\processed\pednyc23\scenario12\decoded_clean_PedNYC23_scenario12.csv,available,success,
23,15,PedNYC23_scenario15,C:\Users\patl5\OneDrive\Desktop\BURE\pednyc_analysis\data\processed\pednyc23\scenario15\decoded_clean_PedNYC23_scenario15.csv,available,success,
23,16,PedNYC23_scenario16,C:\Users\patl5\OneDrive\Desktop\BURE\pednyc_analysis\data\processed\pednyc23\scenario16\decoded_clean_PedNYC23_scenario16.csv,available,success,
23,21,PedNYC23_scenario21,C:\Users\patl5\OneDrive\Desktop\BURE\pednyc_analysis\data\processed\pednyc23\scenario21\decoded_clean_PedNYC23_scenario21.csv,available,success,
24,3,PedNYC24_scenario3,C:\Users\patl5\OneDrive\Desktop\BURE\pednyc_analysis\data\processed\pednyc24\scenario3\decoded_clean_PedNYC24_scenario3.csv,available,success,
24,7,PedNYC24_scenario7,C:\Users\patl5\OneDrive\Desktop\BURE\pednyc_analysis\data\processed\pednyc24\scenario7\decoded_clean_PedNYC24_scenario7.csv,available,failed,"ValueError: validation failed: {'valid': False, 'row_count': 897, 'column_count': 3, 'missing_required': ['time', 'ped_x', 'ped_z', 'veh_x', 'veh_z'], 'empty_required': [], 'duplicate_columns': []}"
24,12,PedNYC24_scenario12,C:\Users\patl5\OneDrive\Desktop\BURE\pednyc_analysis\data\processed\pednyc24\scenario12\decoded_clean_PedNYC24_scenario12.csv,available,success,
24,15,PedNYC24_scenario15,C:\Users\patl5\OneDrive\Desktop\BURE\pednyc_analysis\data\processed\pednyc24\scenario15\decoded_clean_PedNYC24_scenario15.csv,available,success,
24,16,PedNYC24_scenario16,C:\Users\patl5\OneDrive\Desktop\BURE\pednyc_analysis\data\processed\pednyc24\scenario16\decoded_clean_PedNYC24_scenario16.csv,available,success,
24,21,PedNYC24_scenario21,C:\Users\patl5\OneDrive\Desktop\BURE\pednyc_analysis\data\processed\pednyc24\scenario21\decoded_clean_PedNYC24_scenario21.csv,available,success,
25,3,PedNYC25_scenario3,C:\Users\patl5\OneDrive\Desktop\BURE\pednyc_analysis\data\processed\pednyc25\scenario3\decoded_clean_PedNYC25_scenario3.csv,available,success,
25,7,PedNYC25_scenario7,C:\Users\patl5\OneDrive\Desktop\BURE\pednyc_analysis\data\processed\pednyc25\scenario7\decoded_clean_PedNYC25_scenario7.csv,available,success,
25,12,,,missing,not_applicable,No decoded CSV found in inventory
25,15,PedNYC25_scenario15,C:\Users\patl5\OneDrive\Desktop\BURE\pednyc_analysis\data\processed\pednyc25\scenario15\decoded_clean_PedNYC25_scenario15.csv,available,success,
25,16,PedNYC25_scenario16,C:\Users\patl5\OneDrive\Desktop\BURE\pednyc_analysis\data\processed\pednyc25\scenario16\decoded_clean_PedNYC25_scenario16.csv,available,success,
25,21,PedNYC25_scenario21,C:\Users\patl5\OneDrive\Desktop\BURE\pednyc_analysis\data\processed\pednyc25\scenario21\decoded_clean_PedNYC25_scenario21.csv,available,success,
26,3,PedNYC26_scenario3,C:\Users\patl5\OneDrive\Desktop\BURE\pednyc_analysis\data\processed\pednyc26\scenario3\decoded_clean_PedNYC26_scenario3.csv,available,success,
26,7,PedNYC26_scenario7,C:\Users\patl5\OneDrive\Desktop\BURE\pednyc_analysis\data\processed\pednyc26\scenario7\decoded_clean_PedNYC26_scenario7.csv,available,success,
26,12,PedNYC26_scenario12,C:\Users\patl5\OneDrive\Desktop\BURE\pednyc_analysis\data\processed\pednyc26\scenario12\decoded_clean_PedNYC26_scenario12.csv,available,success,
26,15,PedNYC26_scenario15,C:\Users\patl5\OneDrive\Desktop\BURE\pednyc_analysis\data\processed\pednyc26\scenario15\decoded_clean_PedNYC26_scenario15.csv,available,success,
26,16,PedNYC26_scenario16,C:\Users\patl5\OneDrive\Desktop\BURE\pednyc_analysis\data\processed\pednyc26\scenario16\decoded_clean_PedNYC26_scenario16.csv,available,success,
26,21,PedNYC26_scenario21,C:\Users\patl5\OneDrive\Desktop\BURE\pednyc_analysis\data\processed\pednyc26\scenario21\decoded_clean_PedNYC26_scenario21.csv,available,success,
27,3,,,missing,not_applicable,No decoded CSV found in inventory
27,7,,,missing,not_applicable,No decoded CSV found in inventory
27,12,,,missing,not_applicable,No decoded CSV found in inventory
27,15,,,missing,not_applicable,No decoded CSV found in inventory
27,16,,,missing,not_applicable,No decoded CSV found in inventory
27,21,PedNYC27_scenario21,C:\Users\patl5\OneDrive\Desktop\BURE\pednyc_analysis\data\processed\pednyc27\scenario21\decoded_clean_PedNYC27_scenario21.csv,available,success,
28,3,PedNYC28_scenario3,C:\Users\patl5\OneDrive\Desktop\BURE\pednyc_analysis\data\processed\pednyc28\scenario3\decoded_clean_PedNYC28_scenario3.csv,available,success,
28,7,PedNYC28_scenario7,C:\Users\patl5\OneDrive\Desktop\BURE\pednyc_analysis\data\processed\pednyc28\scenario7\decoded_clean_PedNYC28_scenario7.csv,available,success,
28,12,PedNYC28_scenario12,C:\Users\patl5\OneDrive\Desktop\BURE\pednyc_analysis\data\processed\pednyc28\scenario12\decoded_clean_PedNYC28_scenario12.csv,available,success,
28,15,PedNYC28_scenario15,C:\Users\patl5\OneDrive\Desktop\BURE\pednyc_analysis\data\processed\pednyc28\scenario15\decoded_clean_PedNYC28_scenario15.csv,available,success,
28,16,PedNYC28_scenario16,C:\Users\patl5\OneDrive\Desktop\BURE\pednyc_analysis\data\processed\pednyc28\scenario16\decoded_clean_PedNYC28_scenario16.csv,available,success,
28,21,PedNYC28_scenario21,C:\Users\patl5\OneDrive\Desktop\BURE\pednyc_analysis\data\processed\pednyc28\scenario21\decoded_clean_PedNYC28_scenario21.csv,available,success,
29,3,PedNYC29_scenario3,C:\Users\patl5\OneDrive\Desktop\BURE\pednyc_analysis\data\processed\pednyc29\scenario3\decoded_clean_PedNYC29_scenario3.csv,available,success,
29,7,PedNYC29_scenario7,C:\Users\patl5\OneDrive\Desktop\BURE\pednyc_analysis\data\processed\pednyc29\scenario7\decoded_clean_PedNYC29_scenario7.csv,available,success,
29,12,PedNYC29_scenario12,C:\Users\patl5\OneDrive\Desktop\BURE\pednyc_analysis\data\processed\pednyc29\scenario12\decoded_clean_PedNYC29_scenario12.csv,available,success,
29,15,PedNYC29_scenario15,C:\Users\patl5\OneDrive\Desktop\BURE\pednyc_analysis\data\processed\pednyc29\scenario15\decoded_clean_PedNYC29_scenario15.csv,available,success,
29,16,PedNYC29_scenario16,C:\Users\patl5\OneDrive\Desktop\BURE\pednyc_analysis\data\processed\pednyc29\scenario16\decoded_clean_PedNYC29_scenario16.csv,available,failed,Excluded: smoothed pedestrian speed exceeds configured 8 m/s spike threshold
29,21,PedNYC29_scenario21,C:\Users\patl5\OneDrive\Desktop\BURE\pednyc_analysis\data\processed\pednyc29\scenario21\decoded_clean_PedNYC29_scenario21.csv,available,success,
30,3,PedNYC30_scenario3,C:\Users\patl5\OneDrive\Desktop\BURE\pednyc_analysis\data\processed\pednyc30\scenario3\decoded_clean_PedNYC30_scenario3.csv,available,success,
30,7,,,missing,not_applicable,No decoded CSV found in inventory
30,12,PedNYC30_scenario12,C:\Users\patl5\OneDrive\Desktop\BURE\pednyc_analysis\data\processed\pednyc30\scenario12\decoded_clean_PedNYC30_scenario12.csv,available,success,
30,15,PedNYC30_scenario15,C:\Users\patl5\OneDrive\Desktop\BURE\pednyc_analysis\data\processed\pednyc30\scenario15\decoded_clean_PedNYC30_scenario15.csv,available,success,
30,16,PedNYC30_scenario16,C:\Users\patl5\OneDrive\Desktop\BURE\pednyc_analysis\data\processed\pednyc30\scenario16\decoded_clean_PedNYC30_scenario16.csv,available,success,
30,21,PedNYC30_scenario21,C:\Users\patl5\OneDrive\Desktop\BURE\pednyc_analysis\data\processed\pednyc30\scenario21\decoded_clean_PedNYC30_scenario21.csv,available,success,
31,3,PedNYC31_scenario3,C:\Users\patl5\OneDrive\Desktop\BURE\pednyc_analysis\data\processed\pednyc31\scenario3\decoded_clean_PedNYC31_scenario3.csv,available,success,
31,7,,,missing,not_applicable,No decoded CSV found in inventory
31,12,PedNYC31_scenario12,C:\Users\patl5\OneDrive\Desktop\BURE\pednyc_analysis\data\processed\pednyc31\scenario12\decoded_clean_PedNYC31_scenario12.csv,available,success,
31,15,PedNYC31_scenario15,C:\Users\patl5\OneDrive\Desktop\BURE\pednyc_analysis\data\processed\pednyc31\scenario15\decoded_clean_PedNYC31_scenario15.csv,available,success,
31,16,,,missing,not_applicable,No decoded CSV found in inventory
31,21,,,missing,not_applicable,No decoded CSV found in inventory
