participant_id,recording_identifier,scenario,original_interaction_duration,data_quality_flags,pedestrian_mean_path_deviation,pedestrian_median_path_deviation,pedestrian_maximum_path_deviation,pedestrian_progress_at_maximum_deviation,pedestrian_path_length,vehicle_mean_path_deviation,vehicle_median_path_deviation,vehicle_maximum_path_deviation,vehicle_progress_at_maximum_deviation,vehicle_path_length
PedNYC10,PedNYC10_scenario3,3,24.133911,,1.1426520002457279,1.2933438591772823,2.0694710711709194,46.0,19.03617336586213,11.177919176076614,12.65734859475324,18.62886620018914,8.0,47.39864502471536
PedNYC11,PedNYC11_scenario3,3,30.329101,,1.7034135343763364,1.8067025814822202,2.9320358001653966,53.0,20.154475287145793,8.136352956790162,8.975586743218528,12.201971608977557,75.0,84.4412375165656
PedNYC12,PedNYC12_scenario3,3,24.080567000000002,,0.8022495480324046,0.8423159134324159,1.4476914934672256,100.0,19.896084805041937,18.299495938767294,20.058354393216757,24.209621280433456,55.0,61.090914878204195
PedNYC13,PedNYC13_scenario3,3,24.867309999999996,,1.4440581090877742,1.4061212072599276,2.2531513797059435,23.0,18.876066401092046,6.817480580613692,7.249725857045415,12.825627059180823,2.0,62.182348260013185
PedNYC15,PedNYC15_scenario3,3,20.000488,,1.029564306587694,0.991566864629807,2.012463621804575,31.0,19.387144833565063,12.965235738655723,11.516735522730551,29.136404184469477,9.0,38.871961996724785
PedNYC16,PedNYC16_scenario3,3,46.084473,robust_outlier:vehicle_maximum_path_deviation,5.471376971194226,5.382687985362283,9.873778596458646,50.0,21.758862945861637,24.98491570747818,25.82344796740618,38.41703155208261,12.0,57.01618442721035
PedNYC17,PedNYC17_scenario3,3,36.542724,,2.1819993248855893,1.751363729986705,5.0704640650700314,66.0,22.55123616524217,7.176435410052628,4.513832680728106,25.554757936982156,6.0,98.3334004606718
PedNYC19,PedNYC19_scenario3,3,27.333984,robust_outlier:pedestrian_path_length,3.326946145908679,3.9784939463073568,5.161886086520094,80.0,14.323038777823516,6.959808881050924,6.579415702755114,15.288910034224738,66.0,79.9316201248263
PedNYC1,PedNYC1_scenario3,3,18.56836,,0.7994842455939013,0.6260179555228531,2.0460586633009163,95.0,16.517610370461444,11.054787663394055,11.025452171466313,20.85657923907402,4.0,46.08382618170857
PedNYC21,PedNYC21_scenario3,3,34.292725000000004,,1.5555275900291932,1.6060549610974197,2.874500346375507,25.0,21.37587132276691,8.559582153350656,8.26048687059641,14.759365468633698,0.0,93.92217400635583
PedNYC22,PedNYC22_scenario3,3,24.667237,,1.685925485833821,1.6173203218877914,2.784755578917986,76.0,19.59456136325482,9.415110245166428,10.532014949778832,13.235545647716416,11.0,54.125870918362644
PedNYC23,PedNYC23_scenario3,3,27.459595,,2.413095125172542,2.3462701612659784,4.876997518383608,58.0,18.163026080219858,11.671507840382437,10.68892149716806,23.21686648443115,10.0,61.22521389284141
PedNYC24,PedNYC24_scenario3,3,25.250732,,2.7239225753805116,3.039174016958781,4.287893225576096,72.0,20.43303861538032,9.21905031641655,5.844956634284327,24.205355052851132,4.0,50.29301664585424
PedNYC25,PedNYC25_scenario3,3,45.126465,,3.1889191716682337,2.5012504390215855,8.252936274314267,57.0,22.842919623436575,11.009845169601991,8.82164372125765,22.8019943146487,7.0,99.61369465126805
PedNYC26,PedNYC26_scenario3,3,39.375611,,3.3420021264267286,3.8313032926498245,6.4927357601425655,60.0,20.236395338744334,18.556729138632004,21.482640307899203,31.327146227275506,12.0,115.04338051623323
PedNYC28,PedNYC28_scenario3,3,17.833618,,1.2216039892426096,1.4308214580693117,2.228092679700559,47.0,18.671887526390194,12.525203510391352,14.0487975880999,19.837947834787037,0.0,35.19640648954382
PedNYC29,PedNYC29_scenario3,3,44.834961,robust_outlier:pedestrian_path_length,1.6466659123332357,1.233357944363916,3.9374414653101666,76.0,26.10390028387675,9.530736546986699,9.758694367072676,20.423891982002186,1.0,94.2888363290288
PedNYC2,PedNYC2_scenario3,3,25.128418,robust_outlier:vehicle_maximum_path_deviation,5.459220906188173,6.264908741990996,8.463525652582577,67.0,15.392919252749078,24.256435897715367,26.686302092770713,38.099582938555294,19.0,106.94837184775463
PedNYC30,PedNYC30_scenario3,3,33.876343000000006,,4.704370115637951,4.546030781004406,9.514766693109342,54.0,23.07195940345019,5.52477328277722,3.5371696236717582,14.712946959769484,100.0,54.32700600818057
PedNYC31,PedNYC31_scenario3,3,71.877685,robust_outlier:pedestrian_path_length;robust_outlier:original_interaction_duration,3.207331362358926,1.8506601947574806,10.606096749005859,45.0,28.45504212738073,14.161826345526034,15.188740447030876,20.880984894696702,3.0,92.08556180145555
PedNYC3,PedNYC3_scenario3,3,34.954346,,3.3927932994635017,3.7937118733790243,7.0522259147088375,64.0,21.186286149800612,14.276255508088115,10.891401384461778,32.82689434000647,14.0,102.48347843141548
PedNYC4,PedNYC4_scenario3,3,23.029084000000005,,0.7405362103753214,0.7691147590670117,1.2537459322447004,81.0,18.446828401843327,12.359229768294835,14.0506249230307,20.117122560170138,0.0,35.69885113494051
PedNYC5,PedNYC5_scenario3,3,32.240477999999996,,1.3050361266150143,1.399865867396739,2.361034213203798,52.0,19.76902253689839,12.746313017682233,13.69377155581533,21.102448865256672,61.0,94.75197668198585
PedNYC7,PedNYC7_scenario3,3,25.350830000000002,,1.5091197413536686,1.1514060709779934,2.947136485792623,56.0,19.52914663420009,13.645580013995513,15.154416659191924,18.53032874206175,8.0,57.97017178523623
PedNYC8,PedNYC8_scenario3,3,31.903076000000002,,1.9655469303925972,1.4748936577822949,4.70554511891978,34.0,20.7680120862375,17.814107031326966,13.952522234663133,31.797213647583582,16.0,91.82577404204272
PedNYC9,PedNYC9_scenario3,3,31.722168000000003,,1.6631153854084604,1.7201975615337106,3.1721881627213113,26.0,21.55792028447735,9.829969577961641,9.744045988013216,19.02656910875051,0.0,95.93457635962265
